personid,expgroup,performance,performance_pre,age,tenure,grosswage,children,commute,married
3906,1,.28289628,.084573008,33,96,2.7375467,1,180,1
4122,1,.73823762,.00044988259,30,94,4.0962458,0,180,0
4448,0,.47159928,.45590964,35,92,4.2692962,1,100,1
4942,1,-.25370544,.91850978,27,82,5.2953954,0,160,1
5018,1,-.60636842,-.37744349,29,82,1.3875899,1,240,1
5560,2,1.3322728,.91354454,29,79,4.420188,1,50,1
5614,1,.42784104,.36998031,32,79,3.8260088,0,80,1
5784,2,-2.081949,-1.8467853,31,78,2.9404178,0,160,0
6162,2,.74584556,.5602625,31,77,3.8107321,0,120,0
6278,0,-.10181741,-.040052831,32,77,2.9187889,1,170,1
6300,2,-1.1805261,.29836714,33,76,3.3604422,0,80,0
6342,2,-.44975623,-.023077782,30,76,3.923372,1,120,1
6344,2,1.4397861,.42475712,27,76,4.5168571,1,120,1
6362,0,-.62006259,.65531898,29,82,4.8947082,1,200,1
6364,0,-.15948412,1.4090424,26,82,6.2207456,1,180,1
7068,0,-.98519993,.27069876,28,72,4.3418241,0,40,1
7076,0,.27197054,.0015328284,30,72,2.66415,1,120,1
7132,2,-.40577629,-.19435909,22,72,3.6314757,0,50,0
7184,2,1.0918878,1.5682608,27,71,4.2302675,0,120,1
7454,2,-.47617832,-.22397614,24,70,2.0513732,0,85,1
7488,1,1.2493356,.45098305,25,70,3.0722089,0,240,0
7720,0,-.44645497,-.68709767,25,70,3.0483878,0,180,0
8522,0,.048102301,.23950015,30,66,4.1922421,1,120,1
8834,0,.84048772,.32067874,22,66,3.6427166,0,60,0
8854,1,.96376872,.65077931,22,66,4.2592611,0,60,0
8980,1,-1.132902,-.031765454,25,65,1.9734234,0,120,0
9070,2,1.1879385,.82980877,23,66,4.0421543,0,60,0
9106,2,-1.3755672,-1.3841063,23,25,3.6806667,0,20,0
9460,2,.41981685,1.2603998,23,65,5.8756423,0,40,0
9710,0,-.0594288,-.7188639,33,64,3.9029267,0,120,1
10024,2,.45094585,.37736371,26,63,3.3279943,1,230,1
10098,0,-1.0678972,.076348521,28,63,4.3152037,1,180,1
10226,1,-.18998504,-.25819916,22,62,3.3343222,0,60,0
10356,1,.16630831,.2486563,27,62,3.7967179,0,60,0
10450,2,-1.6787047,-1.1108553,27,61,4.5207467,0,180,0
10794,1,1.1161209,1.0376455,32,60,4.1691942,1,120,1
10822,1,1.2743901,.60906583,26,60,2.9962699,0,70,1
10868,2,-.59338403,-2.2348683,30,60,1.4717622,1,130,1
11348,0,-.8844313,-.84507102,25,59,2.7525179,1,120,1
11362,2,-.61242259,.45027253,27,59,3.9455733,1,180,1
11390,0,.54051858,.87652707,31,59,4.7715454,0,60,1
11582,2,-.83969444,-.41945389,22,58,3.71543,0,50,0
11814,2,.86835694,.99927545,24,58,5.9308381,0,50,0
11868,1,-.46452656,.15984595,30,57,2.7679133,0,120,0
11896,2,-1.4574376,1.0814639,29,57,3.5289278,1,120,1
12150,2,-1.9067485,-.084294781,33,57,2.9225345,1,150,1
12306,0,-.94168812,-.89031291,24,56,3.4949443,0,180,0
12350,2,.69662958,.9387157,29,56,4.3548565,1,180,1
12426,0,-3.0309365,-.69657344,30,56,2.8134468,0,60,1
12896,0,.21159399,.34794605,26,54,4.3952889,0,150,1
12974,1,.39157498,.046489317,22,54,3.8363302,0,20,0
13056,2,-1.0477072,-1.8717821,28,54,2.136348,0,60,0
13118,2,-1.7530164,-.69761181,22,54,2.8010588,0,125,0
13484,2,-1.4217312,-.16431208,25,53,2.7452157,0,90,0
13486,2,-2.1783602,-2.3465269,23,53,2.3599699,0,10,0
13530,1,-.047276225,-.211109,29,53,2.9978867,0,100,0
13574,1,2.205483,1.4744812,30,53,4.1970549,1,190,1
13710,0,.037181843,.34256855,30,52,3.8624947,1,120,1
13980,0,.73175788,.7973299,28,51,4.4680867,0,120,0
14048,1,.29285932,.59494865,28,51,3.6995213,1,180,1
14220,0,.65415722,.85970801,28,51,2.7996411,1,240,1
14266,2,-.29927182,.1682355,26,51,3.0967278,0,60,1
14374,0,-.090554394,-.050977934,28,50,3.3623633,0,2.5,0
14382,0,.95681667,.66237736,26,50,5.1260633,1,190,1
14384,0,.22371207,.032493778,32,50,3.6653888,0,180,0
14522,1,-.77942199,-.96803975,29,50,3.4024889,0,40,0
14528,1,.76418632,.24274956,28,50,2.6626198,1,65,1
14532,1,.53640419,.25117934,26,50,2.9423811,0,120,0
14556,0,1.1533629,1.0712498,26,50,3.7961645,1,120,1
14678,1,.14900902,-1.0820868,26,50,3.7973533,0,60,1
14682,2,-.68861347,-.76727194,23,50,3.9770288,0,80,0
14724,2,1.0039923,1.8759282,24,50,5.9590802,0,30,0
14926,2,.63863313,.967318,28,50,4.9257622,0,20,0
15294,1,1.085644,.57131052,25,49,3.7159467,0,80,0
15444,0,-.059380807,.088463545,27,49,3.27178,0,120,1
15452,2,.14185564,-.098787718,26,49,2.6629901,0,30,0
15704,2,-.071489662,-.31261006,27,48,2.8402689,0,150,1
15862,2,-1.2787908,-1.200807,26,48,3.8316634,0,80,0
16104,2,-1.6448456,-.54745781,28,44.5,3.7076747,0,120,1
16334,0,-.64249092,.91783959,30,47,3.4295022,1,240,1
16422,0,-1.6274393,-.71160841,29,47,2.2396276,1,90,1
16424,0,-.56469876,.050123475,22,47,3.1301768,0,180,0
16514,1,.11748827,-.23630759,28,47,2.3920667,0,70,0
16518,2,-.59215391,1.2951542,27,47,3.2689991,0,180,0
16594,0,.2002901,.71361494,29,47,3.6042979,1,160,1
16596,1,.66911739,1.1186299,34,47,4.7260346,1,40,1
16654,2,-.53165746,-.28463697,29,47,2.6660111,1,90,1
16806,2,-1.5009439,-.83374941,28,46,2.4147966,1,120,1
16812,2,-.12155089,-.31947276,24,46,3.0640123,0,80,0
17014,2,-1.5698314,.10700614,27,46,4.1354113,0,120,0
17058,0,-.7340892,-.9042781,23,46,2.6229999,0,140,0
17160,0,.30912352,.46139476,27,46,3.3902433,1,180,1
17166,2,.27238262,.0047287717,27,46,4.1173334,0,180,0
17172,0,-.69071811,.40110621,28,46,4.6419311,0,240,0
17274,2,-.13202278,.4577381,26,46,3.1348279,1,120,1
17386,2,-1.2060754,-.97297597,23,45,2.3342412,1,120,1
17668,2,-1.31467,-1.0365653,23,45,3.9913411,0,40,0
17714,2,-.95325071,-.11233142,29,45,2.8260889,1,40,1
17722,1,-1.2853856,-1.0573406,24,45,4.1951799,0,120,0
17752,1,.35670224,.4628152,25,45,3.5489633,0,60,0
17812,0,-.40717357,-.19020593,28,45,4.7051601,1,150,1
17906,1,.26825309,-.78147089,27,45,2.5038145,0,210,1
17908,2,-1.4310712,-1.3649949,27,45,3.1488588,1,105,1
17926,2,-.56885934,.39307117,25,45,4.0380645,0,20,0
18112,1,.38036275,-.061767481,27,44,2.7862556,0,120,0
18494,0,-.40341794,-.50067818,31,44,3.2129254,0,180,0
18502,0,-.29144666,-.72984731,26,44,2.3131669,0,210,1
18634,2,.10863324,.14837559,23,43,3.4158845,0,120,0
18776,2,1.5154481,1.0395719,22,43,4.1839623,0,60,0
18786,2,-.73010838,-.34898311,27,43,2.2973602,0,90,1
19012,2,-.47128451,-.010320373,27,43,1.8491844,1,90,1
19028,2,.34989443,.92267793,23,43,3.5295444,0,120,0
19140,2,.80873179,-.026746901,23,42,3.1589513,0,30,0
19144,2,-1.0510818,.5226723,20,42,3.8351867,0,30,0
19146,2,-.42737731,.64487404,21,42,3.3134155,0,80,0
19266,2,.81296253,.79221594,22,42,4.0709419,0,65,0
19470,0,.51122117,.011098285,25,42,3.5001233,0,60,0
19482,1,-.95363635,-.071804918,23,42,2.7133322,0,180,0
19684,0,-.61138296,-.35024676,22,41,2.7337523,0,180,0
20386,2,-.73579013,.43444785,26,39,2.953568,0,70,1
21068,2,.74477136,1.1596433,25,38,3.7650187,0,60,0
21126,2,-1.3837925,-.53353733,25,38,2.4348133,0,120,0
21142,2,-1.6465424,-.29963693,25,38,3.663141,0,130,1
21472,2,-.77152473,.38777176,24,37,2.5875034,0,70,0
21474,2,-.36275116,-.26747805,25,37,2.7566977,0,100,0
21604,0,.059159901,-.14736283,24,37,3.0380278,0,200,0
21614,2,-.64923447,-.28268334,25,37,2.9098122,0,110,0
21622,2,-.3565692,.082909234,25,37,3.3491721,0,30,1
21648,0,-.87316746,-.57803303,26,37,2.6443167,1,75,1
21654,1,.85732853,.62046653,29,37,4.1014285,0,80,0
21710,1,-.7477656,-.46703142,30,37,2.6169801,0,90,1
21746,2,-.3193579,.043703545,21,37,2.8369355,0,90,0
22022,0,-.71328473,.61049986,22,36,3.4560156,0,120,0
22130,2,-1.5486679,-.86473614,25,36,2.5165932,0,80,0
22140,2,-1.3623704,-1.1721945,25,36,3.8671577,0,40,1
22284,1,.50563526,.62982976,21,36,3.4786634,1,45,1
22290,2,-.42184621,-.39368215,26,36,2.72949,1,80,1
22456,2,-.60372698,.34570426,21,36,3.5803354,0,60,0
22706,2,.56267262,.44474384,26,36,3.2608311,0,60,1
22878,2,-.2709654,-.46901467,27,35,2.5484579,0,120,0
23126,0,.64812505,1.1817473,23,35,4.2542796,0,95,0
23136,1,-.17407422,.12801115,22,35,3.1753633,0,60,0
23228,1,1.2161572,.87539351,23,35,3.9816256,0,40,1
23516,2,-.29124084,-.21368292,24,35,3.3576355,0,60,0
23622,1,1.5713433,1.3078856,25,35,4.1304722,0,120,0
23686,2,-.24620004,-.39887717,20,35,2.8571634,0,180,0
23742,0,-.75048006,-.630301,21,35,2.5448833,0,240,0
23772,1,-.042336151,-.40484375,21,35,3.6291912,0,40,0
24142,1,1.4030797,1.1921102,29,34,4.9450345,0,180,0
24146,0,-1.0754538,-.66670072,24,34,3.2050078,0,150,0
24322,2,-1.251853,-1.4208547,23,34,3.5393789,0,30,0
24324,1,-1.286516,-.27646011,23,34,2.5267766,0,35,0
24328,2,-.5966565,.32074082,24,34,3.0627234,0,40,0
24340,2,-1.2415035,.44810531,23,34,3.5642712,0,40,0
24608,1,-.32827559,-.62254584,34,34,3.8289921,1,20,1
25056,0,-.21629551,-.2744104,23,33,2.8689067,0,40,0
25074,2,-1.2272005,.35808685,21,33,3.7054734,0,30,0
25084,2,-1.6563666,-1.7056861,24,33,2.0531211,0,90,0
25094,2,-.24372138,-.40017989,25,33,3.0681798,0,140,0
25258,0,-.19756317,-.13678674,26,33,3.4368823,0,120,0
25520,1,-.7363379,-.76568514,24,32,3.6391969,0,60,0
25532,1,-.34203726,-.44592518,25,32,3.3970912,0,180,0
25620,2,-1.0874932,-.56090474,23,32,2.8754656,0,90,0
25622,2,-.24733199,.062071014,20,32,2.8584857,0,80,0
25628,1,.98725742,.70293033,24,32,3.0696712,0,120,0
25638,1,-.11875881,.044456609,26,32,2.7953246,0,120,0
25700,1,-.7827912,-.7591874,27,32,3.1886568,0,30,0
25864,0,.7863248,.53227252,20,31,4.3348713,0,40,0
25940,1,-.68818724,.52405357,24,31,3.5226889,0,100,1
25962,1,-.32238331,-.23957241,24,31,3.6365478,1,80,1
26328,1,-1.045475,-1.2317928,22,31,3.6299655,0,30,0
26618,1,-1.0995302,-.78081286,24,30,3.6763389,0,40,0
26634,0,-.040162601,.41352496,26,30,2.8049321,0,60,0
26906,0,-1.1636821,.0094088716,24,30,3.2975867,0,40,0
26934,1,.75511724,.34132719,24,30,3.4246302,0,120,0
27180,2,-.19891565,.79352915,23,29,3.6185167,0,80,1
27234,2,.86512506,1.1949934,24,29,3.5235732,0,60,0
27540,2,-1.3426915,-1.50455,27,29,3.0060413,0,90,0
27704,0,.24592848,.42826033,26,28,2.6993911,0,30,0
27772,2,.89784259,-.24208914,24,28,3.3379233,0,100,0
27844,2,-1.3579067,-1.1490374,25,28,4.1549602,0,30,0
28190,0,-.31928149,.085549563,25,27,2.9674811,0,60,0
28204,2,-.55526429,.44121015,22,27,2.4714944,0,180,0
28224,0,-.055397976,.10593522,27,27,3.1292701,1,30,1
28226,1,-.85774118,-.97182977,23,27,2.3416898,0,120,0
28470,1,.4146339,-.55329293,24,27,3.0680244,0,60,0
28484,0,.063823856,.12908998,23,27,2.09901,1,120,1
28492,1,-1.1527623,-.92371774,24,27,4.2266932,0,40,0
28528,2,.49685588,.81558359,27,27,4.6637621,1,30,1
28560,0,-1.4216137,.10675242,20,27,2.9997089,0,160,0
28656,2,-1.2852476,-.5951643,23,26,2.2167034,0,120,1
29012,2,-1.0168248,-.60245162,20,26,1.2744288,0,40,0
29024,0,-1.3520305,-.7358923,26,26,2.5902634,0,160,0
29030,2,-.63500774,.12247834,28,26,2.4293523,0,180,0
29032,1,-.81309962,-.38984469,23,26,2.6952755,0,120,0
29172,0,.50792253,.634947,26,26,2.8963332,0,180,0
29192,2,.70516866,.69646132,29,26,3.8379033,0,120,0
29216,1,-.73279583,.40302351,26,26,2.9735067,0,50,0
29218,2,.070697851,.64942729,24,26,3.4329321,0,30,0
29230,1,-.39090815,.54962552,24,26,3.4854589,0,70,0
29240,2,-1.1588095,-.33761114,25,26,2.5492635,0,170,0
29248,0,-.8886674,-.81495267,27,26,2.7496324,1,40,1
29558,2,-1.1859994,.78929049,25,26,3.9397457,0,80,1
29594,2,.36717793,.71894532,23,26,3.6993778,0,120,0
29626,2,-1.5729125,-.92321765,23,26,3.5540123,0,40,0
29746,2,.28460795,.68258446,23,25,2.9760733,0,40,0
29750,2,-.47295791,.099884346,22,25,2.7162199,0,40,0
29770,2,-1.5321171,.20676316,24,25,4.3264756,0,35,0
29790,2,-.68007481,.12976371,22,25,2.5431232,0,120,0
29808,1,-.000025678088,-.86989993,25,25,3.0939734,1,32,1
29838,2,-.71924561,-.55600321,26,25,3.9435601,1,60,1
29964,2,-.42161515,.14262056,26,25,2.4840245,1,160,1
29996,0,-.70229691,-.26659715,23,25,3.3534834,0,60,1
30002,0,-1.0593888,-.34666067,26,25,3.3996856,0,200,0
30006,1,-.87182164,-.22568052,24,25,3.2888489,0,60,0
30014,1,.020806516,.16178729,30,25,4.3416367,0,50,0
30262,2,-.16806374,.60785532,25,25,3.5217209,0,40,0
30276,2,-.20140523,-.40326834,21,25,3.1930234,0,120,0
30308,1,.5719499,.82326567,21,25,3.7130811,0,50,0
30398,2,-.41469941,-.54805017,26,25,2.4336476,0,30,0
30448,1,-1.19633,-.45293245,23,25,3.5930345,0,60,0
30634,2,-1.1362245,.38734695,23,25,3.2355044,0,30,0
30972,1,-.38864043,-.67906117,27,24,2.8467743,0,120,0
31136,0,-.46576527,-.10442954,23,24,2.6250567,0,140,0
31150,0,-.24766727,.095728457,23,24,2.5736222,0,60,0
31206,2,-.36465412,-.20423296,22,24,2.49878,0,180,0
31230,1,-.76511496,.15558065,24,24,2.9393754,0,200,1
31292,1,1.1412451,.7668246,27,24,3.6276512,0,135,0
31796,1,-.54856455,.83750254,24,24,3.8672733,0,120,1
31888,0,.75549644,.97445577,27,23,3.249639,1,180,1
31922,2,-.15983465,.33645469,26,23,2.7839034,0,35,0
31936,1,-.17090698,-.28226873,25,23,2.4034512,0,75,0
32320,0,.0058247307,.33135656,22,23,4.5784731,0,60,0
32590,1,-1.4817407,-.59988534,28,23,2.6732466,0,100,0
32804,0,-.52789378,-.2203474,23,23,2.4055622,0,75,0
33094,2,-1.3077489,-1.2482141,23,22,3.1238844,0,45,0
33128,0,-.15081796,-.25125659,21,22,3.7385809,0,80,0
33278,0,-.14007795,-.31524241,20,22,2.275409,0,180,0
33350,1,-.77840728,-.9045217,26,22,2.8910179,0,120,0
33352,2,-1.7872596,-1.4336709,20,22,1.8107578,0,120,0
33354,0,.087568447,.37143752,21,22,2.702929,0,135,0
33366,0,-.56864893,.404652,25,22,3.2333767,0,40,0
33406,2,-1.0453409,-.092345588,28,22,2.5894167,0,60,0
33410,2,-.99768186,-.14113751,25,22,2.6481922,1,14,1
33874,2,-.42283911,-.11658895,22,22,2.8625379,0,24,0
34396,2,-1.1450118,-1.4470109,24,21,3.7040522,0,40,0
34526,2,-1.0275688,-.42651108,27,21,2.3073802,1,180,1
34890,0,-.620704,-.58820438,24,21,2.2445667,0,200,0
34956,2,-1.3327494,-.56146455,23,21,2.1504068,0,16,0
35006,0,-.38183868,-.075300135,23,21,2.41485,0,10,1
35344,1,.80776411,.43649644,22,20,2.8727365,0,60,0
35408,0,.018137773,.4941864,27,20,3.5163388,1,180,1
35760,2,-1.220034,-.81275809,24,20,3.7003267,0,2.5999999,1
35822,0,-.83485264,-.71843868,27,20,3.5905633,0,120,0
36032,1,.13813949,-.05893892,22,19,2.3757291,0,120,0
36060,2,-.41646811,-.78179502,24,19,2.2917278,0,35,0
36288,0,-.13733521,.41313937,25,19,2.84852,0,30,0
36306,1,-.073541924,-.6215266,26,19,3.2344944,0,80,0
36314,0,.62616146,.51428294,23,19,2.7280767,0,75,0
36318,2,1.0159365,1.2799393,26,19,3.2498155,0,120,0
36494,1,-.72132891,-.71516055,23,18,2.1946733,0,40,0
36908,1,.3903172,.36568537,23,15,2.7428231,0,60,0
37276,0,-1.0240356,.003661253,22,13,3.0966489,0,90,0
37292,0,-.17421824,.014250415,21,13,2.5126977,0,180,0
37294,1,.47120082,-.03769717,20,13,2.2425222,0,80,0
37296,1,-.58302444,-.1201145,29,13,2.5851912,0,80,0
37784,1,.099304408,.37780115,19,12,2.465909,0,105,0
37798,0,-.5801844,-.047367483,21,12,4.0997667,0,20,0
37804,1,-1.1362374,-.023898713,21,12,2.4997599,0,120,0
37812,0,-.039085891,.40975997,26,12,2.5612578,0,180,0
37824,2,-.073081911,.34887341,19,12,2.687099,0,20,0
37828,0,-.46969032,-.37779152,23,12,3.4578824,0,60,0
37840,1,-.33444458,-.20379853,18,12,1.98746,0,30,0
38018,1,-.77836788,.12782851,25,78,2.4711423,0,120,0
38022,1,-.70219392,-.065893233,18,11,1.9928434,0,20,0
38024,2,.94682163,-.16710941,25,11,2.6940653,0,40,0
38028,1,1.6351235,1.2408035,21,11,4.081461,0,20,0
38030,2,-1.0235006,-.38228357,27,11,2.2042091,0,240,0
38034,2,-1.2453079,-.51667172,19,11,1.8545834,0,40,0
38036,0,-1.6908995,-.79721391,18,11,1.9276143,0,120,0
38038,1,-.31507087,-.062686689,35,11,3.7505789,1,50,1
38040,1,.11088655,.15841934,22,11,2.4195065,0,120,1
38042,1,-.94148272,-.49006405,20,11,2.1565979,0,180,0
38046,0,-.67371649,-.37941298,21,11,2.5232611,0,180,0
38052,1,-.08543276,.05756535,18,11,2.0711598,0,90,0
38070,1,-.8491447,-.17907135,18,11,2.1282835,0,180,0
38074,0,-.52206731,.20807445,27,11,2.3509421,1,140,1
38076,2,-.54460454,-.48474342,23,11,3.7066898,0,60,0
38290,1,.31043136,-.087636046,21,11,2.2940667,0,20,0
38552,0,-1.0306605,-.4631035,23,10,3.5765367,0,30,0
38566,1,.6470803,.22880225,22,10,2.6179056,0,300,1
38580,1,.87686503,.82021827,22,10,3.1737044,0,150,0
38712,1,.34279171,.10436352,22,10,2.408632,0,60,0
38842,0,-2.605973,-.21442062,19,10,2.0195177,0,140,0
38862,0,-.54256821,-.25767687,19,10,2.0092523,0,20,0
38868,2,-.82208472,.1628156,22,10,2.5090065,0,93,0
38874,2,-.66343099,-.35031548,19,10,1.9677378,0,240,0
38878,1,.82852674,.63494962,25,10,2.7521698,0,180,0
38888,2,-.12053904,-.046171516,19,10,2.2233968,0,240,0
38896,2,-.54123527,-.53018248,18,10,2.0856776,0,20,0
38898,1,.37091333,.1211164,22,10,2.3294411,0,30,0
39048,2,-.6931107,.22100209,22,10,2.6040044,0,50,0
39094,2,-1.0994827,-.33216351,22,10,2.432162,0,60,0
39096,1,.022200564,.23334491,25,10,2.4575953,0,200,0
39098,2,-1.0216494,-.0036299881,22,10,2.4851246,0,90,0
39116,2,.19990185,.39843991,18,10,2.3208389,0,90,0
39136,2,-.56881392,-.40298349,18,10,2.141531,0,300,0
39144,0,.095496282,.20614433,18,10,2.307771,0,135,0
39164,0,-.05752359,-.21772946,19,10,1.9574367,0,60,0
39430,2,-.73197705,-.023632925,22,9,2.5638165,0,150,0
39458,0,-.0995996,-.31212568,21,9,2.0327144,0,180,0
39466,0,-.2191744,-.15133192,19,9,2.3777688,0,90,0
39478,0,-.59236425,.15249737,22,9,2.4869344,0,140,0
39490,0,.35057124,.5906688,23,9,2.8580811,0,80,0
39500,2,-.72484469,-.34726763,24,9,2.4607244,0,110,0
39502,0,-.8861652,-.35917324,19,9,2.1813598,0,180,0
39512,1,.20290641,.2523199,19,9,2.7819822,0,120,0
39516,2,.10740677,.39960328,23,9,2.7643232,0,90,0
39524,2,-.6448549,-.027632469,21,9,2.1915989,0,20,0
39530,1,-1.3469224,-.12125172,21,9,2.7322366,0,180,0
39540,2,.091564082,1.1229138,20,9,3.392601,0,180,0
39548,1,.0097517334,-.097418249,26,9,2.2523489,0,120,0
39626,2,.084330678,.38962492,21,9,2.5800779,0,35,0
39634,1,1.2433604,1.5389206,20,9,3.3516254,0,28,0
39748,0,.24432969,.41374972,22,9,2.5558746,1,60,1
39754,2,-1.022216,-.17670363,21,9,2.9838223,0,40,0
39798,2,-.80254072,-.074847013,18,9,1.9838089,0,30,0
39938,2,-.0027852955,1.1988701,23,9,2.7840788,0,60,0
39942,1,.043762628,-.64123964,28,9,2.2076132,1,100,1
39972,2,.26440516,.15967765,23,9,2.5542045,0,40,0
39990,1,-.34643254,-.29207823,24,9,2.6146433,0,40,0
40008,0,-.12242322,.73815203,20,9,2.6680057,0,120,0
40018,2,-.24237356,.017773999,22,9,2.4765911,0,120,0
40034,0,-.23483653,.092525721,19,9,2.4618301,0,300,0
40062,1,-.13622242,.24164101,23,9,2.2496743,0,170,1
40076,0,-1.4861616,-.34249765,24,9,2.0681224,0,140,0
40162,0,-.090084456,.14284535,21,8,2.5025301,0,120,0
40164,1,-.24900542,.56958377,22,8,2.7391,0,180,0
40174,0,-1.4180238,.071697332,28,8,2.4065824,1,30,1
40192,1,.24816018,.24561636,23,8,2.4117811,0,180,0
40316,1,.48431841,.22923808,25,8,2.5293367,0,60,0
40318,2,-.30943424,.22499478,23,8,2.6573532,0,60,0
40320,1,-1.1892521,-1.1420957,25,8,3.1419656,1,30,1
40322,1,.012786676,.14893954,24,8,2.4230156,0,80,0
40328,1,.10535859,.94877285,22,8,2.8085544,0,40,0
40334,0,.60687065,.2764667,23,8,3.0268366,0,200,0
40336,0,-.80702722,-.55907291,25,8,1.8216889,0,120,0
40346,0,-1.4717058,-.37161943,22,8,2.3013978,0,120,0
40444,1,.70670128,.66815186,34,8,4.5790925,1,240,1
40456,0,.15819387,.26799712,23,8,2.9682412,0,40,0
40472,1,.73661727,.48244968,25,8,2.7997401,0,90,0
40490,1,-.11804115,-.094636105,21,8,2.2997365,0,200,0
41100,2,.49711016,.14475405,23,7,2.6378334,0,140,0
41156,2,-.704799,.4116751,20,7,2.4484098,0,60,0
41274,2,-.71613008,-.2319252,21,6,2.30598,0,60,0
41278,2,-.55369252,-.11688087,24,6,2.3615975,0,20,0
41286,1,-.2232734,-.02529658,23,6,2.2320545,0,60,0
41304,2,-.62548375,-.49294722,22,6,2.3107343,0,2,0
41318,1,-.012958862,-1.2596043,22,6,2.8944988,0,150,0
41320,1,-.61005628,-.31906465,22,6,2.0357277,0,160,0
41332,0,-1.593558,-.39211935,22,6,2.2184744,0,70,0
41334,2,-.19123812,-.25285846,23,6,2.3744655,0,120,0
41340,2,.29902825,-.2806561,25,6,2.0534735,0,60,1
41344,2,-.42296723,-.37351438,24,6,2.2516668,0,40,0
41818,1,-.42926973,-.12134121,23,6,1.5676389,0,40,0
42096,0,-2.1337552,-.36624923,23,5,1.9338323,0,60,0
42098,2,-1.0122516,-.044321816,21,5,2.1436677,0,20,0
42104,1,-.49606562,-.33475247,21,5,2.0368733,0,20,0
42108,1,.44714886,.33541527,23,5,2.180999,0,165,0
42112,2,.098750725,-.14875236,22,5,2.2019689,0,60,0
42140,0,.97583425,-.07073494,25,5,2.0991511,1,120,1
42146,0,.015263416,-.04130923,21,5,2.6055667,0,155,0
42152,0,.090847306,.17874916,25,5,2.2796545,0,120,0
42308,1,-.59001195,-.11561139,23,5,2.1777735,0,190,1
42350,2,-.012373146,-.096313052,27,5,2.1230488,0,90,1
42584,2,-1.6331452,-1.6277931,21,4,2.4338334,0,25,0
42592,1,-.21126534,.042018514,23,4,2.1660967,0,120,0
42594,2,-.4029415,-.31454426,20,4,2.0382111,0,90,0
42618,1,-1.071727,-.95753944,22,4,2.4991667,0,30,0
42624,1,.6852777,.32374704,23,4,2.1169591,0,180,0
42628,1,-.03881922,-.37955287,22,4,2.6698179,0,140,0
42632,0,-.15094399,.12251674,21,4,2.1365278,0,210,0
42634,0,-.82166517,-1.0077969,20,4,2.3890445,0,20,0
42682,0,-3.0149708,.38023219,22,4,2.2165678,0,240,1
43254,2,1.1274533,-.077869602,21,3,2.0256157,0,120,0
43258,0,-.64024198,-.8111794,22,3,2.5343001,0,180,0
43264,1,-.73621076,-1.1921372,22,3,2.1834314,0,210,0
43270,1,-1.0688424,-.98646373,25,3,2.6007185,0,180,0
43278,1,-.10568639,-.3989113,23,3,1.8964972,0,120,0
43280,2,.62932831,.13146006,22,3,2.16099,0,20,0
43286,1,-.078662932,-.066075318,20,3,2.3404601,0,20,0
43288,1,-1.4889405,-1.0929021,21,3,2.3061087,0,105,0
43500,0,1.316907,.27930355,27,3,2.6960227,1,120,1
43514,2,-1.2544004,-1.1782786,23,3,2.4673429,0,80,0
43520,2,-1.1976695,-.4932391,23,3,1.6894429,0,80,0
43524,0,-.96469605,-.96428031,24,3,2.34497,0,140,0
43528,2,-1.7850519,-1.468038,22,3,2.0830257,0,120,0
43534,1,-.1849664,-.63946182,23,3,2.3380985,0,180,0
43538,2,-1.0220517,-.52250844,27,4,2.2302721,1,90,1
43542,2,-.79977494,-.27729517,28,4.5,1.9261174,1,30,1
43556,2,-.75359112,.28246206,26,3.5,2.3313868,0,40,1
43570,0,-.93426406,-.8791104,18,3.5,2.4264233,0,180,0
43926,1,-.62675142,-.6409058,22,3,2.8931179,0,50,0
43952,2,-1.0274526,.071959049,24,3,2.2289779,0,140,0
44256,0,-.80292869,-.76875973,21,2.5,1.8639133,0,120,0
44266,1,-.7820183,-1.1966077,19,2.5,2.1462648,0,55,0
44282,0,-.26830268,-.31786045,20,2.5,1.9008915,0,240,0
44408,1,.41094193,-.33302879,22,2.5,1.6431301,0,180,0
44782,1,.057903696,-.13177224,23,2,2.7881098,0,60,0
44784,1,-.51251823,-.74381763,31,2,2.4996901,0,30,0
44794,0,-1.961498,-1.0718768,23,3,2.4931734,0,40,0
44800,0,-.54041982,-.36135009,25,2,2.74229,0,120,0
45238,1,.69491816,-.044172138,22,2,1.6785461,0,40,0
45254,0,-1.1610111,-1.1018978,23,2,1.908324,0,210,0
45442,0,-1.0220587,-.9931348,22,2.5,2.4788702,0,40,0
47274,2,-.40864393,-.89072782,24,25,1.989655,0,40,0
103790,3,-1.6058017,-1.4717332,,,,,,
104004,3,-.53005153,-.122559,,,,,,
104006,3,-.15184316,.17634736,,,,,,
104018,3,.096567087,.18621089,,,,,,
104020,3,-.50018895,-.040307257,,,,,,
104028,3,-.21095634,-.56455696,,,,,,
104032,3,-.42565814,.053829338,,,,,,
104034,3,-.26500872,.30593112,,,,,,
104040,3,-.79126954,-.52293783,,,,,,
104042,3,-.88840145,-.40609872,,,,,,
104044,3,-.30858099,.36616144,,,,,,
104046,3,-.23449273,-.13426244,,,,,,
104054,3,-.51381207,-.22055142,,,,,,
104058,3,-.54882634,.012985983,,,,,,
104066,3,-.75230634,-.22811817,,,,,,
104090,3,-.50479424,-.33333668,,,,,,
104092,3,-.22470024,-.41877767,,,,,,
104100,3,-.21000777,.16433066,,,,,,
104102,3,.07051377,.21180518,,,,,,
104104,3,.17199495,.73281163,,,,,,
104106,3,-.15044652,-.35832798,,,,,,
104110,3,.39529008,.55283767,,,,,,
104112,3,-.36148086,.3002916,,,,,,
104124,3,-.70869493,-.14222629,,,,,,
104126,3,-.18537501,-.038612828,,,,,,
104128,3,-.12798011,.060650572,,,,,,
104132,3,.37482581,.26882911,,,,,,
104134,3,-.042775035,.75196582,,,,,,
104144,3,.15826789,.31119716,,,,,,
104160,3,-.087585196,.51844949,,,,,,
104176,3,.0054331939,.75876659,,,,,,
104192,3,-.43428838,.48982778,,,,,,
104196,3,.58456731,.30651677,,,,,,
104198,3,.079214014,.15150593,,,,,,
104200,3,-.090014048,.22611132,,,,,,
104208,3,-.51124883,-.57507139,,,,,,
104212,3,2.7945395,1.5542191,,,,,,
104214,3,-.21433799,.17644617,,,,,,
104216,3,-.50626093,-.19586347,,,,,,
104222,3,-.49475098,-.089583576,,,,,,
104224,3,-.20855707,.67770499,,,,,,
104226,3,-.17887983,-.15296878,,,,,,
104236,3,.47098967,.82720244,,,,,,
104238,3,.34294564,.82045078,,,,,,
104242,3,-1.0434116,-.50345898,,,,,,
104244,3,-.42943767,.18363862,,,,,,
104250,3,-1.5165896,-.74725097,,,,,,
104252,3,.48742971,.82187259,,,,,,
104254,3,-.17935339,.45625338,,,,,,
104256,3,-.47962192,-.24620835,,,,,,
104258,3,-.40935937,.16188553,,,,,,
104264,3,.050968535,.27805459,,,,,,
104268,3,.57050222,.28133586,,,,,,
104284,3,.39244854,.40634623,,,,,,
104292,3,.23163618,.088420823,,,,,,
104294,3,.26956111,.44604996,,,,,,
104296,3,-.81653023,.061346259,,,,,,
104300,3,-.062780775,.18674302,,,,,,
104304,3,.38114703,.55306971,,,,,,
104310,3,.096400432,.15982869,,,,,,
104314,3,-.30298972,.41393283,,,,,,
104322,3,.50071973,.38993287,,,,,,
104326,3,.29861897,.31715336,,,,,,
104328,3,.66660333,.63805151,,,,,,
104334,3,.18129562,.52476358,,,,,,
104350,3,-.25818017,-.22805502,,,,,,
104352,3,-.56489265,.10031902,,,,,,
104354,3,.19258925,.6272651,,,,,,
104356,3,-.25955832,.52075434,,,,,,
104362,3,.49393198,1.0996766,,,,,,
104366,3,-.17669579,-.13672397,,,,,,
104368,3,.20358983,.47111282,,,,,,
104374,3,.57256591,.47003567,,,,,,
104376,3,-.31733531,.059227392,,,,,,
104386,3,.0063614058,-.038187385,,,,,,
104390,3,-.3074477,-.24847379,,,,,,
104394,3,-.40075612,-.24113439,,,,,,
104402,3,-.11492076,.24813224,,,,,,
104404,3,-.52421141,-.37790218,,,,,,
104408,3,-.29397106,-.13556668,,,,,,
104410,3,-.34985739,.042685959,,,,,,
104414,3,-.32322109,.32658571,,,,,,
104422,3,-.36513242,.58945203,,,,,,
104424,3,-.17310293,.30169171,,,,,,
104426,3,-.24013677,.2774716,,,,,,
104430,3,-1.0451479,.1973985,,,,,,
104432,3,-.1636453,.25368166,,,,,,
104434,3,.01783894,.26811358,,,,,,
104446,3,-.4923054,.15000394,,,,,,
104448,3,-.072320983,.19464362,,,,,,
104458,3,-.15423559,.36410239,,,,,,
104460,3,-.50209922,-.40515929,,,,,,
104470,3,-.1971653,.02974382,,,,,,
104472,3,-.040892281,.23390651,,,,,,
104474,3,-.67963874,-.21421796,,,,,,
104476,3,-.49115297,-.13313049,,,,,,
104486,3,-.06695129,.42671034,,,,,,
104488,3,-.36554712,.51858675,,,,,,
104492,3,.20215489,-.082559802,,,,,,
104494,3,-.078352928,.19935167,,,,,,
104498,3,.89079845,1.139413,,,,,,
104500,3,-1.2708024,.34785676,,,,,,
104502,3,-.27715886,-.18343055,,,,,,
104504,3,-.046525631,.016210914,,,,,,
104506,3,.39300486,.46408778,,,,,,
104512,3,-.53650796,-.40858316,,,,,,
104520,3,.13801873,.38560501,,,,,,
104524,3,-.002388878,.10707038,,,,,,
104528,3,-.82166004,-.37966651,,,,,,
104544,3,.33408892,.1161629,,,,,,
104546,3,.2775372,.55654114,,,,,,
104548,3,-1.0353093,-.080995858,,,,,,
104554,3,-.58650625,-.31979689,,,,,,
104556,3,.42909923,.92912352,,,,,,
104558,3,-.15052713,2.1936369,,,,,,
104576,3,-1.5608912,.19203681,,,,,,
104580,3,.66240573,.72377968,,,,,,
104594,3,.5469498,.8307811,,,,,,
104598,3,-.18204848,-.19055301,,,,,,
104604,3,1.1757009,1.0436814,,,,,,
104612,3,-.53192633,-.1221462,,,,,,
104622,3,.0046845181,.2879186,,,,,,
104632,3,-.04777592,-.16531788,,,,,,
104634,3,-.74238145,-.1607952,,,,,,
104636,3,.21570861,.35739645,,,,,,
104638,3,-.32488984,.91550523,,,,,,
104640,3,.031953,.1036512,,,,,,
104642,3,-.086140312,.041342951,,,,,,
104656,3,-.1703523,.107219,,,,,,
104678,3,-.67258376,-.10690752,,,,,,
104684,3,-.69333506,-.014606165,,,,,,
104698,3,.16732202,.13171154,,,,,,
104702,3,-.2317642,-.0071853888,,,,,,
104710,3,.010560296,.26985538,,,,,,
104712,3,-.23416682,.045252241,,,,,,
104714,3,-.43127897,.042584989,,,,,,
104716,3,-.10139954,.20220645,,,,,,
104720,3,.3099322,.48869097,,,,,,
104722,3,-.62056088,-.62921602,,,,,,
104728,3,-.78080952,-.64747018,,,,,,
104730,3,-.3148967,-.050126731,,,,,,
104732,3,.001667942,-.016792772,,,,,,
104738,3,-.47620028,.11821781,,,,,,
104740,3,-.26266649,.042358954,,,,,,
104746,3,.37069941,.45130318,,,,,,
104748,3,.15538892,.3949782,,,,,,
104752,3,.072959624,.10685378,,,,,,
104768,3,-.30024898,.29078317,,,,,,
104772,3,.5535835,.40635538,,,,,,
104774,3,.45551518,.55719709,,,,,,
104792,3,.06815394,.52316236,,,,,,
104794,3,-.050945304,.32400259,,,,,,
104796,3,-.28795511,-.10050625,,,,,,
104802,3,-.56497365,.7347824,,,,,,
104806,3,.66663527,.51360136,,,,,,
104808,3,-.35652521,-.056851082,,,,,,
104812,3,.72146791,.39692095,,,,,,
104818,3,-.43934819,-.31428409,,,,,,
104826,3,-.35970557,-.16837873,,,,,,
104828,3,-.029013781,.53250396,,,,,,
104832,3,-.51808584,-.66722214,,,,,,
104840,3,-.081274651,.2799139,,,,,,
104850,3,.78299087,.085579157,,,,,,
104852,3,-.12628597,.67606264,,,,,,
104856,3,-.63131726,.15288855,,,,,,
104858,3,-.19794139,.15246104,,,,,,
104860,3,-.027379358,.33067504,,,,,,
104868,3,-.49778748,-.3796376,,,,,,
104870,3,-.2936464,-.30850428,,,,,,
104874,3,-.027580999,-.26437092,,,,,,
104878,3,-.15578403,-.33980396,,,,,,
104880,3,-.43808022,.19013049,,,,,,
104886,3,-.031769939,.17281036,,,,,,
104888,3,-.075247869,.0022032012,,,,,,
104894,3,.15992105,.53946024,,,,,,
104912,3,-1.5489135,.45974472,,,,,,
104914,3,-.65738869,.43755731,,,,,,
104920,3,-2.1227362,1.0903467,,,,,,
104922,3,-.52728903,.230073,,,,,,
104926,3,.010142832,.78742403,,,,,,
104928,3,-.38474417,-.30505848,,,,,,
104930,3,-.80440611,.18472593,,,,,,
104932,3,-1.5253378,.30864018,,,,,,
104938,3,.17399377,.64711028,,,,,,
104942,3,.16528639,.18033513,,,,,,
104944,3,.41654709,.37477666,,,,,,
104958,3,.35562894,.36922249,,,,,,
104964,3,.78129119,.67375267,,,,,,
104970,3,.85072446,.98459619,,,,,,
104972,3,.28739429,.74295539,,,,,,
104980,3,-.17777526,.44699633,,,,,,
104990,3,.44358391,.85482216,,,,,,
104992,3,.13591655,-.36249632,,,,,,
104994,3,-1.6060641,.048648108,,,,,,
105004,3,.15229833,.19978262,,,,,,
105014,3,.2538673,.47242251,,,,,,
105026,3,.2321624,.44707993,,,,,,
105028,3,-.48962575,.32364884,,,,,,
105032,3,-.23693524,.30050856,,,,,,
105036,3,.33137634,.34098414,,,,,,
105038,3,-1.0536555,-.61631292,,,,,,
105042,3,.22458772,.81438941,,,,,,
105044,3,-.18157993,.4024488,,,,,,
105048,3,-.60076922,-.48709333,,,,,,
105050,3,-.070236519,.69628853,,,,,,
105068,3,-.69647157,-.19183578,,,,,,
105070,3,-.17101349,.35399202,,,,,,
105074,3,.012591987,.39132595,,,,,,
105076,3,-.50763011,-.0031985042,,,,,,
105082,3,-.13040346,.2159652,,,,,,
105084,3,-.2875368,-.14074342,,,,,,
105088,3,-.65051091,.029191533,,,,,,
105090,3,.31446037,.66443127,,,,,,
105092,3,.13124269,.12887935,,,,,,
105094,3,-.26579764,-.1044181,,,,,,
105096,3,-.58677566,-.016696142,,,,,,
105104,3,-.38257962,-.42451999,,,,,,
105106,3,.32457379,.10729884,,,,,,
105108,3,-1.3089359,.12686752,,,,,,
105112,3,-.42240304,.12817945,,,,,,
105114,3,-.54674923,-.070750996,,,,,,
105122,3,.16729872,.68983305,,,,,,
105130,3,-.62917596,-.05889672,,,,,,
105132,3,-1.1054771,-.3981804,,,,,,
105140,3,-.096898429,-.18842806,,,,,,
105148,3,.16967022,.60792762,,,,,,
105160,3,-.3577902,-.095011212,,,,,,
105162,3,-.24337025,.10423779,,,,,,
105168,3,.063908026,.37417829,,,,,,
105176,3,.13968575,.49275661,,,,,,
105178,3,.21766123,.55496627,,,,,,
105188,3,-.59279162,.50958133,,,,,,
105194,3,.25470632,.59781796,,,,,,
105198,3,.20214257,.45633915,,,,,,
105200,3,.50420123,.4952977,,,,,,
105202,3,.048012327,.10055137,,,,,,
105204,3,-.14823268,-.40124956,,,,,,
105210,3,-.025052531,.088814676,,,,,,
105212,3,.30550429,.4003427,,,,,,
105214,3,.023237554,.17260726,,,,,,
105230,3,-.75006318,-.52401841,,,,,,
105240,3,-.29746559,-1.11963,,,,,,
105246,3,.23034187,.46797565,,,,,,
105248,3,.19842118,.39245331,,,,,,
105256,3,-.14837709,.079686567,,,,,,
105258,3,-.18318069,.2215115,,,,,,
105262,3,-.44159496,-.08419694,,,,,,
105266,3,.22884773,-.01774078,,,,,,
105268,3,.023778714,.094489962,,,,,,
105272,3,-.18265076,-.22972323,,,,,,
105280,3,-.25040326,.031375054,,,,,,
105284,3,.085251451,.52345395,,,,,,
105290,3,.16003785,.49957177,,,,,,
105296,3,-.45855755,.018935883,,,,,,
105302,3,.23871017,-.064581104,,,,,,
105308,3,.58051509,.5105325,,,,,,
105310,3,-.37102711,.031979192,,,,,,
105312,3,-.22301598,.081927136,,,,,,
105316,3,-.089222282,.094278917,,,,,,
105320,3,-.13863197,.49639249,,,,,,
105324,3,-.34045836,-.12021781,,,,,,
105330,3,-.24599691,.38961467,,,,,,
105332,3,-.19502121,.16490005,,,,,,
105336,3,-.14543153,.65265787,,,,,,
105340,3,.15232669,.31549415,,,,,,
105342,3,.48754004,.28520611,,,,,,
105346,3,-.25902084,.1424689,,,,,,
105348,3,-.11137827,.25302437,,,,,,
105356,3,-2.4053316,.086873129,,,,,,
105360,3,-.46295959,.1767595,,,,,,
105368,3,.36284479,.077262618,,,,,,
105370,3,-.33094108,-.36426747,,,,,,
105372,3,.3855997,.12078808,,,,,,
105374,3,-.65466124,-.36693889,,,,,,
105376,3,-.050386675,.51915491,,,,,,
105378,3,-.10226853,.024584549,,,,,,
105380,3,.19906335,.33071572,,,,,,
105384,3,.32475004,.44838902,,,,,,
105388,3,-.002853523,.34076065,,,,,,
105392,3,.13061808,.19220403,,,,,,
105396,3,-.19114703,-.23982254,,,,,,
105398,3,-.31004515,.47920337,,,,,,
105400,3,.089822255,-.056241576,,,,,,
105402,3,-.053208902,.30949247,,,,,,
105404,3,-.55784565,-.19175738,,,,,,
105406,3,.089287981,.05240836,,,,,,
105412,3,-1.2813103,-.70154393,,,,,,
105416,3,-.28682384,-.16678563,,,,,,
105418,3,-.50540555,.31662646,,,,,,
105424,3,-.29565385,-.50339687,,,,,,
105426,3,-.55425465,-.12718965,,,,,,
105434,3,-.10959157,.18563738,,,,,,
105440,3,.1364222,-.052008711,,,,,,
105448,3,-.75923085,-.46702221,,,,,,
105452,3,-.10060492,-.089818753,,,,,,
105458,3,-.90896827,-.52204341,,,,,,
105460,3,-.55291259,.046602782,,,,,,
105462,3,.027553545,.19604386,,,,,,
105466,3,-.2089951,.0068812445,,,,,,
105468,3,.099651791,-.0040737833,,,,,,
105472,3,-.40148076,-.086596765,,,,,,
105474,3,.23689477,.43943542,,,,,,
105476,3,-.35042092,-.37726381,,,,,,
105484,3,.13084278,.64830798,,,,,,
105486,3,.20808366,.37936524,,,,,,
105488,3,-.35741904,-.00084970199,,,,,,
105492,3,-.29659373,-.34466976,,,,,,
105498,3,.049324665,-.18567388,,,,,,
105500,3,-.20080364,-.099027276,,,,,,
105508,3,-.52065772,-.4233503,,,,,,
105510,3,.90573561,1.0151571,,,,,,
105520,3,-.38292539,-.36723539,,,,,,
105522,3,-.10936455,-.14046358,,,,,,
105526,3,-.41140047,-.081257552,,,,,,
105530,3,.49083388,.20196749,,,,,,
105532,3,-.098463222,-.053375226,,,,,,
105536,3,.24579744,.56345737,,,,,,
105538,3,-.42408273,-.062566146,,,,,,
105550,3,.035553403,-.28781903,,,,,,
105552,3,-.31251779,.085883297,,,,,,
105566,3,-.055554755,.042527106,,,,,,
105570,3,-.39878035,-.25876227,,,,,,
105572,3,.44469923,.95732909,,,,,,
105574,3,-.069779009,-.20802709,,,,,,
105582,3,-.25304446,.12527116,,,,,,
105590,3,.20914012,.078186825,,,,,,
105594,3,.1318194,.28353551,,,,,,
105602,3,-.5083518,-.24617127,,,,,,
105610,3,-.29956096,.73717213,,,,,,
105624,3,.40870753,.54057699,,,,,,
105636,3,.25767708,-.1656585,,,,,,
105640,3,.81944758,.26841611,,,,,,
105648,3,-.98320526,-.17808078,,,,,,
105650,3,-.22896449,.040822953,,,,,,
105652,3,-.22575969,-.11743804,,,,,,
105654,3,-.01024023,-.018451652,,,,,,
105656,3,-.15412247,.034855589,,,,,,
105660,3,.2415231,.034208521,,,,,,
105662,3,-.010846923,-.13455579,,,,,,
105664,3,-.095089868,-.42497137,,,,,,
105674,3,-.10792846,-.25395331,,,,,,
105676,3,.010415576,-.23698935,,,,,,
105686,3,-.30605176,-.34498638,,,,,,
105688,3,-.89023846,-.71731013,,,,,,
105690,3,.08554782,-.043060508,,,,,,
105692,3,-.81434882,-.65685743,,,,,,
105694,3,.017789014,-.16900861,,,,,,
105696,3,-.83913279,-.41233048,,,,,,
105698,3,-.20319816,-.32875273,,,,,,
105700,3,.089260682,.62660849,,,,,,
105704,3,-.66124469,-.084988564,,,,,,
105706,3,-.13561229,.30345938,,,,,,
105708,3,-.50489503,-.57199746,,,,,,
105710,3,-.46514335,-.10395195,,,,,,
105712,3,-1.8616097,-.67670721,,,,,,
105714,3,-.24853808,-.23203467,,,,,,
105720,3,.12611078,.11268755,,,,,,
105724,3,-.19190359,-.3947137,,,,,,
105730,3,-.059676163,.19022225,,,,,,
105732,3,-.069288105,.061145116,,,,,,
105734,3,.23378788,-.088779673,,,,,,
105738,3,-.11864806,-.09634576,,,,,,
105742,3,-.43949917,-.27902943,,,,,,
105744,3,.37388545,.078974321,,,,,,
105746,3,-.80347598,-.51619506,,,,,,
105758,3,-2.5293739,.17368926,,,,,,
105760,3,-.30672377,-.55413127,,,,,,
105772,3,-.55090451,-.51242071,,,,,,
105778,3,.12054782,.27349696,,,,,,
105780,3,-1.0769006,-.29357633,,,,,,
105782,3,.10049044,-.19090749,,,,,,
105784,3,-.028594878,-.298208,,,,,,
105794,3,.27917454,.67268759,,,,,,
105802,3,-.011744103,.065201171,,,,,,
105804,3,.87413865,.52151763,,,,,,
105806,3,.2155676,.10603177,,,,,,
105816,3,-.03955115,-.28988656,,,,,,
105824,3,-.20752111,-.52702492,,,,,,
105828,3,-.13580064,-.15738565,,,,,,
105830,3,.12813751,-.25916553,,,,,,
105834,3,-.43528992,-.45090073,,,,,,
105838,3,-.30816931,-.30533135,,,,,,
105846,3,.013383803,.28950483,,,,,,
105854,3,-1.414883,-.95807582,,,,,,
105860,3,-.61069363,-.65819722,,,,,,
105862,3,-.50811511,-.9616574,,,,,,
105864,3,-.39286837,-.35585335,,,,,,
105868,3,-1.0014591,-.75857282,,,,,,
105872,3,.22873908,-.0012615842,,,,,,
105874,3,-.024517769,-.36046773,,,,,,
105876,3,-.346903,-.088917896,,,,,,
105880,3,-.4316417,-.28212819,,,,,,
105884,3,-.67669278,-.33001354,,,,,,
105898,3,.24810806,-.31440422,,,,,,
105906,3,.76635253,-.26871273,,,,,,
105914,3,-.30732933,-.7515319,,,,,,
105918,3,.10462087,-.38947943,,,,,,
105924,3,-.068008661,-.53582197,,,,,,
105926,3,-.012025098,-.14884104,,,,,,
105928,3,.08866211,-.27241635,,,,,,
105930,3,-.0073211207,-.76693767,,,,,,
105934,3,.34138098,-.12929934,,,,,,
105936,3,.11063357,-.58332562,,,,,,
105938,3,-.27116498,-.45264986,,,,,,
105940,3,-.19778661,-.35406837,,,,,,
105948,3,.062386744,-.39615846,,,,,,
105950,3,-.33062723,-.87687659,,,,,,
105956,3,-.54346836,-.47415662,,,,,,
105968,3,-.5805434,1.2703235,,,,,,
105980,3,.030656764,-.1280164,,,,,,
105982,3,-.4140113,1.428378,,,,,,
105998,3,-.37715206,-.26632744,,,,,,
106010,3,-.014551898,-.25372076,,,,,,
106024,3,-.41207746,-.17142168,,,,,,
106036,3,.064190827,-.22663088,,,,,,
106052,3,.44633955,.19634995,,,,,,
106056,3,-.042160381,-.44644627,,,,,,
106060,3,-.19529957,-.40101123,,,,,,
106066,3,.62518811,-.29952663,,,,,,
106068,3,-.59951138,-.22977158,,,,,,
106070,3,.94395059,.40150756,,,,,,
106072,3,.60735375,.12269837,,,,,,
106076,3,-.29277438,-.33244643,,,,,,
106078,3,.3203198,-.23488185,,,,,,
106084,3,.83969235,1.0745848,,,,,,
106086,3,-.01925285,-.61464608,,,,,,
106108,3,-.50459367,-.20294058,,,,,,
106110,3,-.29012492,.21228272,,,,,,
106118,3,-.026045388,-.27925369,,,,,,
106122,3,-.38017797,-.31077248,,,,,,
106124,3,-.60650116,-.48223644,,,,,,
106134,3,-.35357887,-.28791717,,,,,,
106142,3,.040760521,.099132098,,,,,,
106158,3,-.21585804,-.42444956,,,,,,
106168,3,-.8823095,-.03336015,,,,,,
106180,3,-.13782443,-.4002654,,,,,,
106182,3,.30165675,-.3937085,,,,,,
106186,3,-.37143075,-.50796252,,,,,,
106190,3,-.16906677,-.72764188,,,,,,
106196,3,-.46197811,-.15740883,,,,,,
106200,3,-.16874275,-.84414834,,,,,,
106202,3,-1.2106057,-.7886228,,,,,,
106206,3,-.46487576,-.63948524,,,,,,
106208,3,.20700996,-.32515568,,,,,,
106212,3,-.68750507,-.64770138,,,,,,
106214,3,.24779128,.17392069,,,,,,
106222,3,-.36112589,-.16839415,,,,,,
106224,3,-.22981325,-.18788251,,,,,,
106226,3,.6092025,.011876428,,,,,,
106232,3,-.86744475,-.49101776,,,,,,
106246,3,.035835043,-.46384048,,,,,,
106248,3,-.016967904,-.31088442,,,,,,
106254,3,-.43695968,-1.0287328,,,,,,
106264,3,-1.0710164,-1.0512438,,,,,,
106266,3,-1.1487556,-.85543162,,,,,,
106268,3,-.42357001,-.28179738,,,,,,
106272,3,-.35697287,-.73690939,,,,,,
106284,3,-.015589383,-.42476419,,,,,,
106306,3,-.56968367,.48248944,,,,,,
106310,3,-.46433884,-.19219007,,,,,,
106312,3,.050128777,.002465565,,,,,,
106314,3,.69084102,-.073486455,,,,,,
106318,3,.55482161,-.15419777,,,,,,
106322,3,.10551144,-.2407797,,,,,,
106328,3,.53841019,-.16432366,,,,,,
106342,3,.38148502,-.15556809,,,,,,
106348,3,.694502,-.10128258,,,,,,
106356,3,1.1509939,.27871278,,,,,,
106360,3,.65458024,.37245825,,,,,,
106366,3,-.45090145,.48444757,,,,,,
106372,3,-.44712681,.70774829,,,,,,
106378,3,.52127779,-.59665722,,,,,,
106380,3,-.59730458,.66257441,,,,,,
106388,3,-.58510697,.97901863,,,,,,
106392,3,.0075640162,-.43887001,,,,,,
106400,3,-.11311012,-.56401682,,,,,,
106402,3,.090707347,-.011935504,,,,,,
106404,3,-.27848747,-.44093767,,,,,,
106410,3,.21002807,-.45004794,,,,,,
106412,3,-.30511674,-.81952029,,,,,,
106414,3,.2236037,-.13719484,,,,,,
106418,3,-.25057581,-.20944637,,,,,,
106422,3,.38533157,-.115311,,,,,,
106424,3,-.032872606,-.72368664,,,,,,
106426,3,-.071612872,-.63484389,,,,,,
106430,3,.07774388,-.26337555,,,,,,
106432,3,-1.2281817,-.53783673,,,,,,
106438,3,-.85835981,-.40180981,,,,,,
106442,3,-1.235347,-.71394759,,,,,,
106444,3,-.52187175,-.12098387,,,,,,
106446,3,-.10896467,-.59810239,,,,,,
106448,3,.10942427,.55595261,,,,,,
106450,3,-.45312577,-.80302852,,,,,,
106452,3,-.43992779,-.049899302,,,,,,
106456,3,-.36194694,-.35239497,,,,,,
106462,3,.27909896,-.04407043,,,,,,
106464,3,-.39367172,.86988926,,,,,,
106474,3,-1.0177754,.7042557,,,,,,
106480,3,.77331597,.4512721,,,,,,
106482,3,.46582875,.4481647,,,,,,
106484,3,-.1272056,-.084824666,,,,,,
106486,3,.17475548,-.11227412,,,,,,
106490,3,-.097862571,-.19411103,,,,,,
106492,3,.33734006,-.3288385,,,,,,
106494,3,-.25907728,.13560268,,,,,,
106498,3,-.35546008,-.18577465,,,,,,
106508,3,1.1843153,.42987627,,,,,,
106514,3,.22386824,-.01123546,,,,,,
106516,3,-.88011718,-.52538407,,,,,,
106518,3,.37547147,-.40556493,,,,,,
106522,3,.68857402,.1525601,,,,,,
106530,3,.25218964,-.43155387,,,,,,
106536,3,.01619303,-.54331231,,,,,,
106538,3,.17481059,-.076556891,,,,,,
106544,3,.25673547,-.27241364,,,,,,
106550,3,.40370294,-.16400653,,,,,,
106554,3,.68551385,.33974758,,,,,,
106562,3,-1.6842121,-.7511065,,,,,,
106564,3,-.18559662,-.80859971,,,,,,
106572,3,-.38212371,-.0922428,,,,,,
106574,3,-.077030286,.064096197,,,,,,
106584,3,.14510646,.11129951,,,,,,
106586,3,.32335854,.10994536,,,,,,
106588,3,.52710414,.53252029,,,,,,
106596,3,.31808934,-.36576805,,,,,,
106598,3,-.29143929,.014920882,,,,,,
106602,3,-.98383367,-.29634348,,,,,,
106606,3,.075462766,-.1774133,,,,,,
106608,3,.22742108,-.25652191,,,,,,
106610,3,-.14415912,-.4505578,,,,,,
106612,3,-.091836236,-.37066868,,,,,,
106614,3,-.65707797,-.50646687,,,,,,
106616,3,.45995846,-.13482012,,,,,,
106618,3,.35362512,-.089224599,,,,,,
106620,3,-.79862905,-.49676204,,,,,,
106622,3,.15493232,-.6894424,,,,,,
106628,3,.30288237,-.15466426,,,,,,
106646,3,.49690628,-.17159036,,,,,,
106658,3,-.26242298,-.69732493,,,,,,
106662,3,.54861993,.20444724,,,,,,
106668,3,.46832919,-.22202389,,,,,,
106670,3,-.83892339,-1.0105315,,,,,,
106674,3,-.46937722,-.34894389,,,,,,
106676,3,.31828052,-.19175331,,,,,,
106680,3,-.54198492,-.44035941,,,,,,
106700,3,-.17996848,-.31635389,,,,,,
106704,3,-.24656354,-.44814205,,,,,,
106710,3,.10713411,-.66466081,,,,,,
106714,3,.2258765,-.24017568,,,,,,
106720,3,.20865758,-.42437157,,,,,,
106722,3,-.53656662,-.60446322,,,,,,
106724,3,-.072921485,-.25441009,,,,,,
106728,3,.0076926225,-.058667742,,,,,,
106730,3,-.24130797,-.28586838,,,,,,
106744,3,-.78558189,-.25107071,,,,,,
106752,3,-.22417025,-.22091398,,,,,,
106760,3,.28260797,-.4343099,,,,,,
106762,3,-.04762008,-.40891686,,,,,,
106772,3,.10241438,-.21570739,,,,,,
106776,3,-.39634025,-.15391418,,,,,,
106780,3,-.65881509,-.59666634,,,,,,
106784,3,-.85033512,-.24543871,,,,,,
106788,3,-.70266074,-.27484915,,,,,,
106790,3,-.036817305,-.11160691,,,,,,
106792,3,-.65172356,-.23575848,,,,,,
106796,3,.10157704,-.22530384,,,,,,
106802,3,.13003145,.13223122,,,,,,
106812,3,-.46160179,-.4748174,,,,,,
106814,3,-.89443767,-.55829072,,,,,,
106818,3,-1.1658802,-.43675035,,,,,,
106822,3,-.66936201,-.57185775,,,,,,
106826,3,-.74970466,-.54472977,,,,,,
106828,3,-.75197369,-.60980421,,,,,,
106832,3,-.79232925,-.69900751,,,,,,
106834,3,.31053847,.27896166,,,,,,
106836,3,-1.3203995,-.59936297,,,,,,
106840,3,-.59285468,-.91607928,,,,,,
106846,3,-1.4269063,-.73928201,,,,,,
106848,3,-1.2716098,-.64344996,,,,,,
106856,3,-.88312417,-.46227655,,,,,,
106858,3,-1.1021786,-.79658836,,,,,,
106862,3,-.29639649,-.10421163,,,,,,
106870,3,-.35181847,-.014094996,,,,,,
106872,3,.46351695,.13062003,,,,,,
106874,3,.13451961,-.074035138,,,,,,
106878,3,-.65687734,.098877653,,,,,,
106882,3,-.43126887,-.21995127,,,,,,
106884,3,-.80822426,-1.0739387,,,,,,
106886,3,.0021911587,-.38442266,,,,,,
106888,3,-.33037212,-.86163825,,,,,,
106890,3,-.69087785,-.34314129,,,,,,
106892,3,.6218152,.78896117,,,,,,
106900,3,-.25521848,-.71741897,,,,,,
106904,3,-.9529767,-.84299159,,,,,,
106906,3,-.31771678,-.49491856,,,,,,
106910,3,-.36129919,-.28911051,,,,,,
106912,3,-.49661404,-.39421156,,,,,,
106916,3,-.71632582,-.51757723,,,,,,
106920,3,.2682133,-.12757327,,,,,,
106924,3,.13297494,-.012317503,,,,,,
106932,3,-.077160366,-.1223529,,,,,,
106938,3,-.07186842,-.49281469,,,,,,
106940,3,.31390414,-.075254418,,,,,,
106944,3,-1.0913281,-.6732257,,,,,,
106946,3,-.20751859,-.6058439,,,,,,
106950,3,-.17587914,-.12839082,,,,,,
106954,3,-.14730398,-.054876748,,,,,,
106958,3,.12846349,.19180357,,,,,,
106962,3,-.73112893,-.65219158,,,,,,
106964,3,-1.0142349,-.44157445,,,,,,
106980,3,-.40374351,-.34082127,,,,,,
106982,3,-.35976237,-.15018715,,,,,,
106984,3,-.13096297,-.52289963,,,,,,
106990,3,-.36792025,-.011154717,,,,,,
106996,3,.19817924,-.39950567,,,,,,
107002,3,-.48540437,-.52222115,,,,,,
107014,3,-.51230407,-.39604059,,,,,,
107016,3,-.8417871,-.90581429,,,,,,
107018,3,-.40240717,-.58398592,,,,,,
107020,3,.12065627,-.049925014,,,,,,
107022,3,.36852118,.55681229,,,,,,
107030,3,-3.3606353,-1.027503,,,,,,
107036,3,.10762274,-.20867525,,,,,,
107038,3,-1.0849613,-.82889092,,,,,,
107040,3,-.14832835,-.24403641,,,,,,
107044,3,-.82404697,-.68637335,,,,,,
107046,3,-.49924073,-.72410381,,,,,,
107056,3,-.08955045,-.40391889,,,,,,
107058,3,-.28840792,-.38049975,,,,,,
107064,3,-.58347797,.47453031,,,,,,
107066,3,-1.0275183,-.69389755,,,,,,
107078,3,-.620103,.95098752,,,,,,
107082,3,-.58417612,.31122911,,,,,,
107086,3,-.88457793,-.61758494,,,,,,
107092,3,-.72749859,-.82785571,,,,,,
107096,3,-.59410495,-.61370367,,,,,,
107098,3,-.36968914,-.62533367,,,,,,
107102,3,.43970311,-.64574653,,,,,,
107110,3,-.18525556,-.3808454,,,,,,
107124,3,-.44093376,.60326022,,,,,,
107136,3,-.43751714,-.4790166,,,,,,
107154,3,-1.2343309,-1.3866849,,,,,,
107158,3,.18743721,-.44982359,,,,,,
107164,3,-.071803652,-.34592134,,,,,,
107186,3,-.60343879,.066912234,,,,,,
107188,3,-.1552138,-.29702306,,,,,,
107190,3,-.59404022,.34826654,,,,,,
107192,3,-.37946448,-.15206181,,,,,,
107198,3,-2.0050638,-1.4115956,,,,,,
107200,3,-.15686613,-.56224805,,,,,,
107202,3,-.097167961,-.60389334,,,,,,
107204,3,.25502789,-.1488179,,,,,,
107206,3,-.43663812,-.46949527,,,,,,
107210,3,.10251535,-.52033961,,,,,,
107214,3,-.86592227,-.9056645,,,,,,
107228,3,-.24168153,-.97155499,,,,,,
107230,3,-.028408067,-.68716699,,,,,,
107232,3,.4909094,-.81825703,,,,,,
107234,3,.24225168,-.64920551,,,,,,
107238,3,.20436083,-.66010529,,,,,,
107244,3,.68976611,-.33388579,,,,,,
107248,3,-.82677495,-.68034798,,,,,,
107254,3,-.19664703,-.52287233,,,,,,
107256,3,-.044255141,-.22766811,,,,,,
107258,3,-.71478951,-.79794163,,,,,,
107264,3,-.17894685,-.47813347,,,,,,
107272,3,-1.0693759,-.60509151,,,,,,
107278,3,-.36570206,-.63117945,,,,,,
107282,3,-.3872824,-.62337977,,,,,,
107284,3,-.52639854,-1.0059605,,,,,,
107286,3,-.44968396,-.55114263,,,,,,
107288,3,.31836072,-.12074371,,,,,,
107292,3,-.56134969,-.99977511,,,,,,
107294,3,.30801177,-.087835543,,,,,,
107298,3,-.40974757,-.84796625,,,,,,
107302,3,-.037286066,-.39599466,,,,,,
107304,3,.094203308,-.082070112,,,,,,
107306,3,-.53527415,-.9152739,,,,,,
107308,3,-.42417747,-.41183344,,,,,,
107310,3,-.060035154,-.4542504,,,,,,
107312,3,.12488334,-.61112332,,,,,,
107314,3,-.014882612,-.4734163,,,,,,
107316,3,-.052884202,-.80106658,,,,,,
107318,3,.82523865,.14465736,,,,,,
107324,3,-.82445526,-.57971549,,,,,,
107326,3,-.68612921,-.70788193,,,,,,
107328,3,-1.209794,-.61786771,,,,,,
107330,3,.15377967,-1.0265144,,,,,,
107332,3,-.30554527,-.067690305,,,,,,
107334,3,-.089064971,-.69281375,,,,,,
107336,3,.15200569,-.69365072,,,,,,
107338,3,.33131853,-.22955494,,,,,,
107340,3,-.25264385,-.85584593,,,,,,
107342,3,.25634122,-.93407613,,,,,,
107344,3,-1.1526767,-.36907381,,,,,,
107348,3,-.072829135,-.61297935,,,,,,
107350,3,-.46448773,-.24946634,,,,,,
107356,3,.06343323,-.20981853,,,,,,
107360,3,-.23301329,-.48879832,,,,,,
107364,3,-.16473472,-.72877246,,,,,,
107368,3,.02112188,-.7487902,,,,,,
107370,3,-1.0283059,-.90710026,,,,,,
107372,3,-.40170398,-.79300612,,,,,,
107374,3,-.13524182,-.45509958,,,,,,
107376,3,.38115984,.21866921,,,,,,
107378,3,-.11243179,-.51859128,,,,,,
107380,3,-.2045413,-.15466504,,,,,,
107382,3,-.20029597,-.70403314,,,,,,
107384,3,.15036269,-.25110805,,,,,,
107386,3,-.26357991,-.54296577,,,,,,
107388,3,-.37147,-.97718197,,,,,,
107390,3,-.77234614,-.65363473,,,,,,
107392,3,-.99427891,-.78237808,,,,,,
107394,3,-.2572926,-.7989319,,,,,,
107396,3,-.69366556,-.19247447,,,,,,
107398,3,-1.0246415,-.25451335,,,,,,
107400,3,-.4649916,-.77757812,,,,,,
107402,3,.56172413,.15518063,,,,,,
107406,3,-1.1635259,-.68359429,,,,,,
107410,3,-.32552925,-.65079319,,,,,,
107416,3,-1.4696959,-1.2969455,,,,,,
107418,3,.39859679,-.6735217,,,,,,
107420,3,.31706834,-.59995091,,,,,,
107422,3,-.55983293,-.38724285,,,,,,
107432,3,-.3645826,-.39988697,,,,,,
107434,3,-.42173523,.005174594,,,,,,
107436,3,.75969112,-.58734506,,,,,,
107438,3,-.56193674,-.74022734,,,,,,
107442,3,.022024037,-1.0045134,,,,,,
107444,3,1.0876573,-.15574589,,,,,,
107446,3,.23241065,-.18532936,,,,,,
107448,3,-.10506468,-.65377492,,,,,,
107454,3,-.20794681,-1.04212,,,,,,
107460,3,.73873413,-.38441086,,,,,,
107462,3,.33866483,-.82038003,,,,,,
107464,3,-.43362087,-.86236179,,,,,,
107468,3,-.22317719,-1.0253567,,,,,,
107470,3,-.12027844,-.83457619,,,,,,
107472,3,.37020391,-.5180952,,,,,,
107474,3,-.5332911,-.36884874,,,,,,
107476,3,-.79400307,-.25065857,,,,,,
107480,3,-.092576638,.10426756,,,,,,
107482,3,.096799269,-.56021214,,,,,,
107484,3,-.45261168,-.31932095,,,,,,
107488,3,.28718513,-.6148141,,,,,,
107490,3,1.1951802,-.11125085,,,,,,
107492,3,.54136187,-.48427016,,,,,,
107494,3,.29267645,-.25972053,,,,,,
107496,3,-.64639527,-.87918657,,,,,,
107498,3,1.0504391,-.47299427,,,,,,
107500,3,-.55573738,-.60082531,,,,,,
107502,3,-.40560654,-.35442886,,,,,,
107510,3,-.12508792,-.59330708,,,,,,
107512,3,.029868478,-.73932815,,,,,,
107514,3,-.080438443,-.53756613,,,,,,
107516,3,-.49066275,-.8296904,,,,,,
107518,3,1.0107763,-.1430213,,,,,,
107520,3,1.3522632,-.33567497,,,,,,
107522,3,-.27237624,-.53376007,,,,,,
107532,3,.040803634,-.39736164,,,,,,
107534,3,.34072906,-.95029861,,,,,,
107536,3,.16991685,-.72874665,,,,,,
107538,3,-1.1475954,-.14033407,,,,,,
107540,3,-.6930393,-.50595039,,,,,,
107546,3,1.022193,-.16389884,,,,,,
107548,3,.25336453,-.58914542,,,,,,
107550,3,-.004753829,-.62072676,,,,,,
107552,3,-.077886425,-.56946474,,,,,,
107554,3,.038232304,-.63695109,,,,,,
107556,3,-.92859548,-.30859244,,,,,,
107558,3,-.26402599,-.18874225,,,,,,
107564,3,-.031271581,-.46912336,,,,,,
107670,3,-.26003686,.15097612,,,,,,
107848,3,-.32237434,-.19182618,,,,,,
107878,3,-1.6959627,-.24230053,,,,,,
108534,3,.22846685,-.28904432,,,,,,
108652,3,-.32021108,-.4344995,,,,,,
108846,3,.76475209,-.59051925,,,,,,
109106,3,-.95713234,-.92655629,,,,,,
110108,3,.53151071,-1.1894808,,,,,,
110456,3,.86129951,-3.5566032,,,,,,
111042,3,-2.3547404,-1.8721573,,,,,,
113532,3,-.60354817,-.52751172,,,,,,
114392,3,-1.0438691,.29109383,,,,,,
114662,3,-.54046595,1.1081303,,,,,,
115300,3,-.31704023,-.50452292,,,,,,
115452,3,.51668572,.35529542,,,,,,
115454,3,-1.0380553,-.78013229,,,,,,
115466,3,-1.9406592,-1.0589663,,,,,,
117064,3,-1.0554096,-.9855001,,,,,,
117616,3,-.94567144,.11128091,,,,,,
118346,3,-.95693988,-.84849524,,,,,,
118996,3,-1.1923895,.33106241,,,,,,
119144,3,-.92668289,.57124501,,,,,,
119172,3,-2.2248819,-1.3580441,,,,,,
119356,3,-.62096918,-.52206665,,,,,,
119436,3,-3.5322618,-.1349,,,,,,
119544,3,-.97508425,-.20597951,,,,,,
119558,3,-1.0421278,-.96658188,,,,,,
119808,3,-1.0638801,-1.0552235,,,,,,
119876,3,-1.7500331,-1.9668567,,,,,,
120486,3,-1.0486126,-.98659772,,,,,,
120594,3,-1.5838177,-1.7572643,,,,,,
120790,3,-.24942605,.66696095,,,,,,
120808,3,-2.1808839,-1.6442598,,,,,,
121312,3,-.91654438,.24240777,,,,,,
121458,3,-3.2929742,-1.0006896,,,,,,
121678,3,-1.5452418,.47974715,,,,,,
122136,3,.84554619,.74695075,,,,,,
122180,3,-3.4322147,-.84767896,,,,,,
122190,3,.76376718,.80956519,,,,,,
122316,3,-.47130182,.94677097,,,,,,
122888,3,-1.039287,.019597052,,,,,,
122908,3,-.24620104,-1.1196295,,,,,,
123106,3,-.33781776,-.31736404,,,,,,
123142,3,-.36772603,-.40854749,,,,,,
123382,3,-3.4194257,-3.4497485,,,,,,
123396,3,-1.0592579,-.97747713,,,,,,
123934,3,-.14219396,.82909626,,,,,,
124340,3,-.92089593,.56170881,,,,,,
124366,3,.10670146,.44295007,,,,,,
124530,3,-.01742656,1.1534405,,,,,,
124546,3,-.44451115,-.36677644,,,,,,
124578,3,-1.0464438,-.97943878,,,,,,
124586,3,-2.2718048,-1.6015785,,,,,,
124602,3,-1.2032428,.50077099,,,,,,
124606,3,.98745412,1.7572361,,,,,,
124836,3,-.26532272,1.5027493,,,,,,
124862,3,-1.7726049,.38094151,,,,,,
125062,3,-2.6066523,-1.7300175,,,,,,
125066,3,-2.3006172,-1.3890514,,,,,,
125074,3,-.93790048,.44041476,,,,,,
125078,3,.43127924,-.53345466,,,,,,
125096,3,-2.0268028,-1.570524,,,,,,
125516,3,-.43962872,-.55381823,,,,,,
126144,3,-1.0483487,1.2158991,,,,,,
126198,3,-.50052649,.50783116,,,,,,
126280,3,-1.8452539,.11929859,,,,,,
126282,3,-1.7023115,.59372902,,,,,,
126322,3,-1.9284672,-1.0093788,,,,,,
126338,3,-1.6909811,1.1512202,,,,,,
126620,3,-3.0106056,-2.9747825,,,,,,
127364,3,-.98806846,.22388513,,,,,,
127518,3,-.86456448,-.53154129,,,,,,
127866,3,-.31477094,.077683657,,,,,,
128220,3,-.41766354,-.30107737,,,,,,
128222,3,.063376687,.38326448,,,,,,
128402,3,-.14983292,.74196845,,,,,,
128564,3,-1.9609128,1.8189114,,,,,,
128660,3,-2.8247926,-2.3513806,,,,,,
128684,3,-1.0352521,-.58397269,,,,,,
128748,3,-.58815289,.81555355,,,,,,
128942,3,-.90724593,-.44055375,,,,,,
129012,3,.33517459,-.48091605,,,,,,
129206,3,-.45650485,-.5612545,,,,,,
129488,3,-.25259516,-.942249,,,,,,
129558,3,-.92812961,.87072092,,,,,,
129564,3,-.96488184,.34532213,,,,,,
129624,3,.0066353017,.62169713,,,,,,
129630,3,-.48880583,1.7216196,,,,,,
129652,3,-.17968298,-.1155149,,,,,,
129664,3,.99532127,-.27549946,,,,,,
130070,3,-1.4012166,-1.385703,,,,,,
130094,3,-1.9343426,1.0824633,,,,,,
130264,3,-.11689436,-.61670303,,,,,,
130422,3,-.19896944,.36102715,,,,,,
130854,3,-3.1250587,-.077133372,,,,,,
130858,3,-1.3525443,.8302241,,,,,,
130864,3,.031763002,.31737262,,,,,,
130878,3,-.62543947,-.56392401,,,,,,
130882,3,-1.1310471,-.44666785,,,,,,
130884,3,-.20192587,-.0039874064,,,,,,
130888,3,-.34243804,-.22524379,,,,,,
130902,3,-.91905087,-.54576033,,,,,,
130910,3,-.011190844,.55673194,,,,,,
130914,3,-2.7220204,-.70487922,,,,,,
130918,3,-.0060903998,.23514979,,,,,,
130920,3,-1.2787325,1.2890624,,,,,,
130974,3,-1.8726286,-1.7920487,,,,,,
130976,3,-.52303267,1.881706,,,,,,
130980,3,-2.0984306,-2.1125431,,,,,,
130990,3,.36339104,.71580559,,,,,,
130996,3,-.6017065,1.8478707,,,,,,
131002,3,.084801681,.16868761,,,,,,
131008,3,.91584176,1.0116062,,,,,,
131020,3,.23800328,.12991327,,,,,,
131022,3,-.11434449,-.056545652,,,,,,
131028,3,-2.14411,1.7649583,,,,,,
131100,3,-.4987092,.17965309,,,,,,
131108,3,-1.1236209,-1.1233495,,,,,,
131146,3,.013934586,.87543344,,,,,,
131174,3,.13764928,.64523196,,,,,,
131182,3,-.61450511,1.1234453,,,,,,
131236,3,-2.0984077,.079248711,,,,,,
131304,3,-.029182646,.70082033,,,,,,
131312,3,-2.4783826,-2.0198958,,,,,,
131314,3,-.51262426,-.31534651,,,,,,
131322,3,-1.2876574,-.6318087,,,,,,
131324,3,-.29525566,.30062303,,,,,,
131326,3,-2.2068379,.040450506,,,,,,
131340,3,-2.9921086,-1.8587581,,,,,,
131346,3,-.59568071,-.27414098,,,,,,
131350,3,-.60999107,-.05467077,,,,,,
131352,3,.17936565,.57190704,,,,,,
131400,3,-1.9068687,.18613577,,,,,,
131408,3,-.056267899,-.20486726,,,,,,
131424,3,-.62270159,.6842342,,,,,,
131426,3,-1.3857971,.66283423,,,,,,
131434,3,-1.6683133,.20607543,,,,,,
131438,3,-.35378021,.52453029,,,,,,
131456,3,-.14392993,.046450861,,,,,,
131466,3,.43263814,1.5239903,,,,,,
131610,3,.79329336,1.1917268,,,,,,
131620,3,-3.4146812,-1.6297784,,,,,,
131622,3,-3.1323566,-1.8681885,,,,,,
131624,3,.0098278522,.45745635,,,,,,
131628,3,.0090602646,.27612737,,,,,,
131632,3,-1.1157581,-.48249581,,,,,,
131652,3,-.13579321,.54770237,,,,,,
131680,3,-.61490816,-.0033674862,,,,,,
131708,3,.1395946,.38477004,,,,,,
131722,3,-.23003647,.65735847,,,,,,
131770,3,-.11665839,.26260185,,,,,,
131772,3,-.34418431,1.9486061,,,,,,
131786,3,-2.0937164,1.2469275,,,,,,
131788,3,-.7270574,.4551082,,,,,,
131804,3,-.30356166,.96784931,,,,,,
131806,3,-.25899056,.059775356,,,,,,
131894,3,-.55073482,-.41305649,,,,,,
131908,3,-3.4048827,.10591989,,,,,,
131912,3,-1.1239214,-1.1243668,,,,,,
131924,3,-.55572754,.20140946,,,,,,
131962,3,-1.6729234,.97468799,,,,,,
131976,3,-.84769237,.065517932,,,,,,
131996,3,-1.9052547,-.21262626,,,,,,
131998,3,.90124667,1.7503133,,,,,,
132140,3,-.43134379,-.021180753,,,,,,
132152,3,-.52152038,.15648912,,,,,,
132154,3,-.2016726,-.14803553,,,,,,
132156,3,-.59243459,-.10634209,,,,,,
132158,3,-.53703171,-.095661037,,,,,,
132160,3,-.22483674,-.35561275,,,,,,
132164,3,-.85204446,-.46981221,,,,,,
132170,3,-1.340928,-.68346018,,,,,,
132176,3,-1.0982645,-.36411569,,,,,,
132178,3,-.84441662,-.36310488,,,,,,
132180,3,-2.2047508,-1.7466308,,,,,,
132184,3,-2.122381,-.85291719,,,,,,
132186,3,-2.4369168,-.45938143,,,,,,
132188,3,-.06400758,.51289535,,,,,,
132220,3,-1.0256599,.13443245,,,,,,
132226,3,-.016963303,-.1694448,,,,,,
132228,3,-.81588799,.79608232,,,,,,
132234,3,.031371564,.073438548,,,,,,
132236,3,-2.094156,-1.0621202,,,,,,
132252,3,-.68132639,-.69401467,,,,,,
132254,3,-.20624024,-.092757039,,,,,,
132286,3,1.2701961,1.5750946,,,,,,
132302,3,-.27704719,.12860836,,,,,,
132310,3,-2.7779708,-1.9734892,,,,,,
132316,3,.113523,.39493158,,,,,,
132328,3,.081119858,.93990213,,,,,,
132330,3,-.22939631,.28167695,,,,,,
132332,3,-1.2754632,-1.0733371,,,,,,
132338,3,-2.9153707,-2.362385,,,,,,
132346,3,-2.6705639,-1.9137455,,,,,,
132348,3,-.25190398,.36413381,,,,,,
132350,3,-.39273983,-.017702663,,,,,,
132402,3,1.2203468,.44540128,,,,,,
132420,3,-.61330295,.983136,,,,,,
132432,3,-1.5483966,.63329887,,,,,,
132438,3,-.58890784,1.6093916,,,,,,
132466,3,.096736401,-.54344308,,,,,,
132468,3,-.038433235,.52697122,,,,,,
132472,3,-1.9447089,-1.6208506,,,,,,
132474,3,-2.7182827,-.43895951,,,,,,
132480,3,-.64287519,-.30574679,,,,,,
132486,3,-.64848191,.18281895,,,,,,
132488,3,-.37586066,-.1535292,,,,,,
132492,3,-.26335377,.33468366,,,,,,
132504,3,-.53422773,-.2587688,,,,,,
132514,3,-2.4936833,-1.9293865,,,,,,
132516,3,-.99808192,-1.4401311,,,,,,
132520,3,.1292012,.10268325,,,,,,
132522,3,-.089478798,.3480497,,,,,,
132526,3,-.52638453,.62700093,,,,,,
132532,3,-.18019335,.39738476,,,,,,
132538,3,-.47485352,.025725091,,,,,,
132558,3,-1.7998635,.80104864,,,,,,
132562,3,-.57509488,-.024333451,,,,,,
132566,3,-1.0646186,-.16831866,,,,,,
132574,3,-.56886387,1.2554262,,,,,,
132578,3,-2.1105804,-1.9357327,,,,,,
132580,3,-1.5735424,-1.47519,,,,,,
132700,3,.11097504,.80684185,,,,,,
132702,3,-.71293056,.33185297,,,,,,
132710,3,.69061786,1.2797303,,,,,,
132714,3,-.84673089,-.1194196,,,,,,
132718,3,-.70589215,-.021422921,,,,,,
132724,3,-.16247308,.38222989,,,,,,
132726,3,-.10414198,.12424941,,,,,,
132732,3,-.37551019,-.29526687,,,,,,
132734,3,-1.1238921,-1.1222068,,,,,,
132750,3,-.19795159,-.29335195,,,,,,
132752,3,-.031939633,.3191539,,,,,,
132756,3,-.050976079,.50790775,,,,,,
132758,3,-.10247303,.27316543,,,,,,
132760,3,-.96064955,.11622375,,,,,,
132766,3,-.070481472,.77821118,,,,,,
132770,3,.40311766,.77500325,,,,,,
132782,3,-.30457118,.45614135,,,,,,
132784,3,.051045824,.23990878,,,,,,
132786,3,-.027853176,.69799602,,,,,,
132790,3,-2.6345835,-.32436949,,,,,,
132792,3,-2.3084121,.02446042,,,,,,
132798,3,.10637031,.7613585,,,,,,
132806,3,.2735137,.5166015,,,,,,
132808,3,-.25262481,.18327039,,,,,,
132812,3,-.29516578,.0081647746,,,,,,
132820,3,-.33442825,-.0053044232,,,,,,
132830,3,.027259381,.36706284,,,,,,
132832,3,1.1983598,1.2090242,,,,,,
132864,3,-.84479058,-.27758434,,,,,,
132884,3,-.20706904,.78975111,,,,,,
132892,3,.019061456,.35492861,,,,,,
132894,3,.51099807,.5730446,,,,,,
132900,3,.1946767,-.14545853,,,,,,
132904,3,.37880537,.58423233,,,,,,
132906,3,.10412248,.47305542,,,,,,
132916,3,.61975956,.32651016,,,,,,
132918,3,-.53430772,.18479973,,,,,,
132922,3,-.42607296,.49852601,,,,,,
133078,3,-2.2011642,-1.5140306,,,,,,
133082,3,.16137102,.52881253,,,,,,
133084,3,-.81041867,-.11124221,,,,,,
133092,3,.50747883,1.1201109,,,,,,
133102,3,.017550036,.70037532,,,,,,
133110,3,-2.5629163,-1.8921783,,,,,,
133112,3,.10798702,.6433453,,,,,,
133116,3,.34066585,.68419689,,,,,,
133122,3,-1.421953,-1.3416196,,,,,,
133124,3,-.041517079,.75864762,,,,,,
133134,3,.13361941,.10835134,,,,,,
133136,3,.69161648,1.3525649,,,,,,
133140,3,-1.972253,-1.5257362,,,,,,
133280,3,-1.469269,.170895,,,,,,
133306,3,-.20623867,.32285139,,,,,,
133334,3,-.22721872,.062564641,,,,,,
133338,3,-.76426494,-.14776824,,,,,,
133374,3,-1.9205879,-.056845374,,,,,,
133402,3,-.24064738,-.093657158,,,,,,
133422,3,1.9499836,.71046245,,,,,,
133478,3,-.73207027,-.29062313,,,,,,
133486,3,.14077052,.77334756,,,,,,
133494,3,-2.8668427,-.11055744,,,,,,
133498,3,-.55087996,-.072591372,,,,,,
133502,3,-2.117075,.11242792,,,,,,
133508,3,.99520874,1.0739816,,,,,,
133596,3,-1.6267943,.20291568,,,,,,
133606,3,-.6708529,-.38547516,,,,,,
133612,3,.26410663,.62585163,,,,,,
133618,3,-2.8727088,-2.2654402,,,,,,
133626,3,-2.0820265,-1.6556361,,,,,,
133628,3,.50311571,1.0467266,,,,,,
133630,3,-.68751591,.30430317,,,,,,
133642,3,-.059609246,.57186204,,,,,,
133644,3,-.65869325,.10370465,,,,,,
133648,3,-.13124338,.1443906,,,,,,
133650,3,-1.1137215,-.34550321,,,,,,
133652,3,-.4564693,.16221772,,,,,,
133662,3,-.34517771,.16274306,,,,,,
133668,3,-.63613194,-.13248917,,,,,,
133674,3,-3.1320436,.004957376,,,,,,
133676,3,-.6620245,-.30776313,,,,,,
133680,3,-.43088397,.20570022,,,,,,
133682,3,-.59855878,.52339363,,,,,,
133688,3,.313936,-.9496268,,,,,,
133690,3,-.14063019,.42621151,,,,,,
133872,3,-.13104333,-.10794898,,,,,,
133878,3,-1.2533904,-.63976473,,,,,,
133896,3,-1.7097192,-1.6661813,,,,,,
133916,3,-.41863889,.4614445,,,,,,
133918,3,.097916909,.32113731,,,,,,
133936,3,-.85051715,.086903766,,,,,,
133942,3,-.031754244,.27503505,,,,,,
133946,3,-.61269248,-.26409933,,,,,,
133954,3,-.46796575,-.010275505,,,,,,
133956,3,-.041753687,.46586263,,,,,,
133966,3,.14708823,.73802096,,,,,,
133972,3,.086888678,.29380554,,,,,,
133986,3,-1.1448885,.20216057,,,,,,
134004,3,-1.550756,.87574643,,,,,,
134022,3,-1.793026,-1.8521903,,,,,,
134034,3,.092512555,.22818564,,,,,,
134040,3,-.11203282,.60403264,,,,,,
134046,3,-1.7215006,.70852923,,,,,,
134050,3,-1.9148866,.34883374,,,,,,
134058,3,-1.5010606,-.19868363,,,,,,
134066,3,.56184584,.6215691,,,,,,
134076,3,-.569929,.0033886211,,,,,,
134086,3,-1.515789,.20832014,,,,,,
134116,3,-.99474174,.065205924,,,,,,
134118,3,.69848454,.34977412,,,,,,
134388,3,-1.121634,-1.1228302,,,,,,
134398,3,-.21447204,.13948199,,,,,,
134400,3,-.56220418,-.20836881,,,,,,
134410,3,-.34698966,.1270228,,,,,,
134412,3,-.032016758,.55077964,,,,,,
134426,3,-.68840688,.65901011,,,,,,
134440,3,-.97710335,-.79182023,,,,,,
134444,3,.41904116,.51789594,,,,,,
134446,3,-.98296142,.023268003,,,,,,
134468,3,.10423772,.78308135,,,,,,
134486,3,-.57791674,.61763334,,,,,,
134490,3,.17443573,.91134679,,,,,,
134498,3,.1352492,.23717013,,,,,,
134502,3,-2.6169665,-.06066421,,,,,,
134512,3,.20741694,.67691928,,,,,,
134522,3,-1.7193673,-.14131358,,,,,,
134524,3,.47225949,.65367413,,,,,,
134568,3,.41099742,.48108149,,,,,,
134570,3,-.20509975,-.086030141,,,,,,
134576,3,-.6081382,1.5319116,,,,,,
134586,3,-1.3249881,-.91148502,,,,,,
134674,3,-.22751373,-.078975767,,,,,,
134676,3,.030254528,.16112408,,,,,,
134684,3,-.21550789,.14110313,,,,,,
134686,3,-.18900283,.34037814,,,,,,
134688,3,-2.6764059,-1.9928826,,,,,,
134690,3,-.14990129,.81095523,,,,,,
134700,3,-.65883833,-.13120213,,,,,,
134704,3,-.66647291,-.10523066,,,,,,
134712,3,-2.4264095,-.68028665,,,,,,
134718,3,-.15928668,.21623045,,,,,,
134724,3,.34750304,1.3854511,,,,,,
134884,3,-.27534744,.54005599,,,,,,
134888,3,-.043487664,.66125065,,,,,,
134930,3,-.45252439,-.28252798,,,,,,
134936,3,-.83674866,.5795728,,,,,,
134950,3,-.031847246,.56859952,,,,,,
134954,3,-.099798582,-.01154526,,,,,,
134958,3,-1.3302335,.177267,,,,,,
134962,3,-1.869048,.13768059,,,,,,
134992,3,-.62110484,-.10789721,,,,,,
134996,3,-.37298265,-.097554632,,,,,,
134998,3,-2.386224,-.14010584,,,,,,
135004,3,-2.2755694,.28419748,,,,,,
135008,3,-.79823685,-.12865585,,,,,,
135012,3,.036379874,.22379547,,,,,,
135014,3,.034952413,.50513572,,,,,,
135018,3,-1.5614766,.44733313,,,,,,
135052,3,-.48641965,-.12838618,,,,,,
135054,3,-1.9078331,1.4829251,,,,,,
135058,3,-.56533867,-.44414109,,,,,,
135064,3,.24798179,2.1433651,,,,,,
135084,3,-.18020044,-.39755255,,,,,,
135086,3,-2.0062273,.62513816,,,,,,
135090,3,.040181357,.34126776,,,,,,
135114,3,.31845456,.50867808,,,,,,
135116,3,-1.6382132,-.94810104,,,,,,
135142,3,.062468477,.23512827,,,,,,
135144,3,-.33806118,1.1180146,,,,,,
135158,3,-1.8597759,.59149247,,,,,,
135160,3,-.49339494,.044240247,,,,,,
135178,3,-.40874264,-.58928686,,,,,,
135180,3,-.12630327,.45637909,,,,,,
135182,3,-.3913967,.61680514,,,,,,
135184,3,-.32698318,.55694717,,,,,,
135188,3,-.0054717534,.4880138,,,,,,
135192,3,-2.6513274,-.32113782,,,,,,
135196,3,.090272166,.37435034,,,,,,
135300,3,-.1730289,.13478567,,,,,,
135304,3,-2.6461413,.37218818,,,,,,
135308,3,-.35081577,.29179531,,,,,,
135312,3,-.81412071,-.26399726,,,,,,
135320,3,-.76980191,-.30501479,,,,,,
135328,3,.13977131,.33365282,,,,,,
135330,3,.41277775,.35794696,,,,,,
135340,3,-2.5524428,.1329985,,,,,,
135348,3,-.17947365,.48267543,,,,,,
135374,3,-.21317351,-.013258751,,,,,,
135380,3,-2.4710083,.10752101,,,,,,
135384,3,-2.5281935,.13875532,,,,,,
135390,3,-1.5054158,.20490411,,,,,,
135392,3,-.13733439,.43567154,,,,,,
135496,3,-1.1595081,.096864015,,,,,,
135502,3,-2.2040145,.029730828,,,,,,
135504,3,-.016517013,.58075392,,,,,,
135512,3,-2.3760667,-.19555064,,,,,,
135514,3,-.0048856288,.22155458,,,,,,
135520,3,-.35229066,.3410508,,,,,,
135524,3,-.22018631,.071505241,,,,,,
135530,3,-.21822646,.5281381,,,,,,
135532,3,.2281331,.62798834,,,,,,
135540,3,.14467274,.81196511,,,,,,
135544,3,-.38971934,-.019370131,,,,,,
135546,3,-.20012665,.14998515,,,,,,
135548,3,-2.3138857,-.038474493,,,,,,
135550,3,.092888013,.34684825,,,,,,
135558,3,.056270033,.36304504,,,,,,
135560,3,-.70279193,.62304944,,,,,,
135564,3,-2.9422133,-.62852335,,,,,,
135638,3,-.68187451,-.010739599,,,,,,
135642,3,.25462687,.3670451,,,,,,
135646,3,-.91049373,.20733401,,,,,,
135652,3,.13372369,.55573219,,,,,,
135656,3,-.99108857,-.01785218,,,,,,
135660,3,-.23088852,-.20215844,,,,,,
135674,3,-.37949592,-.014099376,,,,,,
135680,3,-1.9631455,-.20231465,,,,,,
135684,3,.64343667,.88516289,,,,,,
135692,3,-.35353553,.10058873,,,,,,
135696,3,-.10224865,.64392459,,,,,,
135702,3,-1.6125935,.12705119,,,,,,
135746,3,-2.018229,.60331166,,,,,,
135754,3,-.54431576,-.53577787,,,,,,
135756,3,-.48305994,-.46035108,,,,,,
135810,3,.61384445,.68350482,,,,,,
135816,3,-1.6300675,.46690294,,,,,,
135818,3,-1.4382269,.23099412,,,,,,
135826,3,.23586774,.30108029,,,,,,
135828,3,-.24815032,.45524088,,,,,,
135836,3,.70450395,1.6589924,,,,,,
136024,3,-.23504263,.51016015,,,,,,
136026,3,-.10212284,.39130956,,,,,,
136030,3,-.59038705,-.4798075,,,,,,
136042,3,-.20633295,.14841694,,,,,,
136062,3,-.21162908,.027333461,,,,,,
136064,3,-.177389,.55850035,,,,,,
136068,3,.45587093,.74953622,,,,,,
136496,3,-.11465678,.49052709,,,,,,
136506,3,-.06819912,.24600214,,,,,,
136508,3,-1.8717444,.46339008,,,,,,
136526,3,-2.0380654,.0089076674,,,,,,
136618,3,-3.4250979,.87856162,,,,,,
136626,3,-.04225646,.24419145,,,,,,
136654,3,-1.129186,-.68302405,,,,,,
136668,3,-.79929268,-.40431458,,,,,,
136670,3,-.69194794,-.098285787,,,,,,
136672,3,-.34044814,-.3971501,,,,,,
136674,3,-3.0198669,-.43017942,,,,,,
136678,3,-.30056864,-.20114058,,,,,,
136684,3,-.23146023,-.043894056,,,,,,
136688,3,-.87077636,-.30284747,,,,,,
137394,3,.28446123,.25503176,,,,,,
137406,3,-.88797522,.13397558,,,,,,
137408,3,-.40981284,.88227421,,,,,,
137412,3,-.6150353,.70242363,,,,,,
137418,3,-.60627407,1.3977621,,,,,,
137420,3,-.22547351,.33017436,,,,,,
137424,3,.39070854,1.0050086,,,,,,
137426,3,.15069796,.58521372,,,,,,
137428,3,.78999686,.40221429,,,,,,
137522,3,-.26181483,.10797884,,,,,,
137526,3,-.14311959,.16164017,,,,,,
137532,3,-1.3483242,.50556207,,,,,,
137534,3,-.61456984,1.1360493,,,,,,
137546,3,.76910895,.56196654,,,,,,
137556,3,.6627779,1.1938113,,,,,,
137558,3,-.013718864,.24053107,,,,,,
137568,3,.048701655,.23699085,,,,,,
137892,3,.51486474,.56131965,,,,,,
137894,3,.57294118,.8871423,,,,,,
137904,3,-1.7973231,.26470932,,,,,,
137906,3,-.21677099,.41964647,,,,,,
137914,3,.17128283,.19959116,,,,,,
137916,3,-1.6442825,1.4731817,,,,,,
137918,3,-.01375103,-.052847348,,,,,,
137922,3,.22061618,.75143081,,,,,,
137924,3,-.17773463,.051687844,,,,,,
137926,3,-.59150636,1.0657396,,,,,,
137928,3,-1.1209058,-.25405121,,,,,,
138390,3,.6522947,.86549413,,,,,,
138396,3,-.098124862,.56430227,,,,,,
138400,3,-.61388278,-.49676004,,,,,,
138402,3,-.89031357,.00036182103,,,,,,
138410,3,1.6052752,.72256488,,,,,,
138414,3,-1.0074124,-.053840891,,,,,,
138418,3,.02877214,.36877912,,,,,,
138424,3,-.013533561,-.056648426,,,,,,
138426,3,.0080239987,-.028670324,,,,,,
138430,3,.82016683,.65788525,,,,,,
138444,3,-1.4464655,.55140764,,,,,,
138446,3,.17453867,.013686333,,,,,,
138460,3,-.85581183,.19025981,,,,,,
138466,3,-.10238146,.6329425,,,,,,
138470,3,-.85052997,.48343018,,,,,,
138476,3,-.58263642,.37973672,,,,,,
138482,3,-.17023274,-.062404592,,,,,,
138718,3,.77360249,.52678072,,,,,,
141814,3,.19310394,.30335116,,,,,,
141818,3,-.048226986,.081480771,,,,,,
